feature_1,feature_2,correlation
QOB-1,QOB-3,0.9998748549469606
QOB-2,QOB-4,0.9508990930287246
QOB-1,ORB_TIMER_SEC,0.9992354033212616
QOB-3,ORB_TIMER_SEC,0.9996321502797545
QOB-1,MAJOR_CYCLE_CNTR,0.9992325052381961
QOB-3,MAJOR_CYCLE_CNTR,0.9996273249083872
ORB_TIMER_SEC,MAJOR_CYCLE_CNTR,0.9999497561593529
BDH-M_POS_5V_MON,BDH-R_POS_5V_MON,0.9651978618802644
BDH-M_POS_5V_MON,BDH-M_POS_3.3V_MON,0.9818961079946196
BDH-R_POS_5V_MON,BDH-M_POS_3.3V_MON,0.9500124034224623
BDH-M_POS_5V_MON,BDH-R_POS_3.3V_MON,0.9667927942962992
BDH-R_POS_5V_MON,BDH-R_POS_3.3V_MON,0.9989920387959628
BDH-M_POS_3.3V_MON,BDH-R_POS_3.3V_MON,0.950944618828142
4PI-1_YAW_O/P_VOL,4PI-1_YAW_O/P_ASP,1.0
4PI-1_ROL_O/P_VOL,4PI-1_ROL_O/P_ASP,0.9999999999999986
4PI-1_PCH_O/P_VOL,4PI-1_PCH_O/P_ASP,1.0
4PI-2_YAW_O/P_VOL,4PI-2_YAW_O/P_ASP,0.9999999999999996
4PI-2_ROL_O/P_VOL,4PI-2_ROL_O/P_ASP,1.0
4PI-2_PCH_O/P_VOL,4PI-2_PCH_O/P_ASP,1.0
MAG-1_RAW_FIELD_YAW,MAG-1_RAW_FIELD_ROL,0.9555705149633472
MAG-1_RAW_FIELD_ROL,MAG-1_RAW_FIELD_PCH,0.9997864821823629
MAG-1_RAW_FIELD_ROL,MAG-1_RAW_FIELD_YAW_TMC,0.9972961557277135
MAG-1_RAW_FIELD_PCH,MAG-1_RAW_FIELD_YAW_TMC,0.998398505896606
MAG-1_RAW_FIELD_YAW,MAG-1_RAW_FIELD_ROL_TMC,0.9685937145871819
MAG-1_RAW_FIELD_ROL,MAG-1_RAW_FIELD_ROL_TMC,0.9990918462074236
MAG-1_RAW_FIELD_PCH,MAG-1_RAW_FIELD_ROL_TMC,0.99958555790587
MAG-1_RAW_FIELD_YAW_TMC,MAG-1_RAW_FIELD_ROL_TMC,0.9993204402214981
MAG-1_RAW_FIELD_YAW,MAG-1_RAW_FIELD_PCH_TMC,0.9685981654613985
MAG-1_RAW_FIELD_ROL,MAG-1_RAW_FIELD_PCH_TMC,0.99909086959086
MAG-1_RAW_FIELD_PCH,MAG-1_RAW_FIELD_PCH_TMC,0.999585581601543
MAG-1_RAW_FIELD_YAW_TMC,MAG-1_RAW_FIELD_PCH_TMC,0.9993253409800138
MAG-1_RAW_FIELD_ROL_TMC,MAG-1_RAW_FIELD_PCH_TMC,0.9999990207441867
MAG-2_RAW_FIELD_YAW,MAG-2_RAW_FIELD_ROL,0.9992998380520859
MAG-2_RAW_FIELD_YAW,MAG-2_RAW_FIELD_PCH,0.998983036918209
MAG-2_RAW_FIELD_ROL,MAG-2_RAW_FIELD_PCH,0.9991434358642758
MAG-2_RAW_FIELD_YAW,MAG-2_RAW_FIELD_YAW_TMC,0.9999989131414853
MAG-2_RAW_FIELD_ROL,MAG-2_RAW_FIELD_YAW_TMC,0.9999990745560423
MAG-2_RAW_FIELD_PCH,MAG-2_RAW_FIELD_YAW_TMC,0.9992495877297287
MAG-2_RAW_FIELD_YAW,MAG-2_RAW_FIELD_ROL_TMC,0.999999677515966
MAG-2_RAW_FIELD_ROL,MAG-2_RAW_FIELD_ROL_TMC,0.9999999999999984
MAG-2_RAW_FIELD_PCH,MAG-2_RAW_FIELD_ROL_TMC,0.9992453147368733
MAG-2_RAW_FIELD_YAW_TMC,MAG-2_RAW_FIELD_ROL_TMC,0.999999074556042
MAG-2_RAW_FIELD_YAW,MAG-2_RAW_FIELD_PCH_TMC,0.9990679942050648
MAG-2_RAW_FIELD_ROL,MAG-2_RAW_FIELD_PCH_TMC,0.9990759931577788
MAG-2_RAW_FIELD_PCH,MAG-2_RAW_FIELD_PCH_TMC,0.9999909837121066
MAG-2_RAW_FIELD_YAW_TMC,MAG-2_RAW_FIELD_PCH_TMC,0.9992501092586413
MAG-2_RAW_FIELD_ROL_TMC,MAG-2_RAW_FIELD_PCH_TMC,0.9992443948650845
EXE_CMD_CNTR_SEL_LSB,EXE_CMD_CNTR_SEL,1.0
EXE_CMD_CNTR_SEL_LSB,PAR_CNTR_LINK-1,0.9999162163682357
EXE_CMD_CNTR_SEL,PAR_CNTR_LINK-1,0.9999162163682357
EXE_CMD_CNTR_SEL_LSB,SEG_CNTR_LINK-1,0.9988570545268501
EXE_CMD_CNTR_SEL,SEG_CNTR_LINK-1,0.9988570545268501
PAR_CNTR_LINK-1,SEG_CNTR_LINK-1,0.9991714020426373
EXE_CMD_CNTR_SEL_LSB,PAR_CNTR_LINK-2,0.9999033118512247
EXE_CMD_CNTR_SEL,PAR_CNTR_LINK-2,0.9999033118512247
PAR_CNTR_LINK-1,PAR_CNTR_LINK-2,0.999977982115281
SEG_CNTR_LINK-1,PAR_CNTR_LINK-2,0.9992313923633734
CLCW_COP_IN_EFFECT_LINK-2,CLCW_VCID_LINK-2,1.0
EXE_CMD_CNTR_SEL_LSB,TC_PACKET_CNTR,0.999207294082237
EXE_CMD_CNTR_SEL,TC_PACKET_CNTR,0.999207294082237
PAR_CNTR_LINK-1,TC_PACKET_CNTR,0.9994039137298693
SEG_CNTR_LINK-1,TC_PACKET_CNTR,0.9990933522273533
PAR_CNTR_LINK-2,TC_PACKET_CNTR,0.9994513097351276
EXE_CMD_CNTR_SEL_LSB,MINOR_CYCLE-2_EXE_TIME,0.9882271864027596
EXE_CMD_CNTR_SEL,MINOR_CYCLE-2_EXE_TIME,0.9882271864027596
PAR_CNTR_LINK-1,MINOR_CYCLE-2_EXE_TIME,0.9878098164724396
FAR_C_BLK_ACCEPTED_LINK-1,MINOR_CYCLE-2_EXE_TIME,0.9639106560426041
SEG_CNTR_LINK-1,MINOR_CYCLE-2_EXE_TIME,0.9850156505812339
PAR_CNTR_LINK-2,MINOR_CYCLE-2_EXE_TIME,0.9876770079852876
TC_PACKET_CNTR,MINOR_CYCLE-2_EXE_TIME,0.9847823817484799
QOB-1,SUPER_CYCLE_OBT_MSEC,0.9992379911122596
QOB-3,SUPER_CYCLE_OBT_MSEC,0.9996301297491925
ORB_TIMER_SEC,SUPER_CYCLE_OBT_MSEC,0.9999399299578717
MAJOR_CYCLE_CNTR,SUPER_CYCLE_OBT_MSEC,0.9999468392550755
EXE_CMD_CNTR_SEL_LSB,STORAGE_ADDR_SEG-2,0.9937614972754621
EXE_CMD_CNTR_SEL,STORAGE_ADDR_SEG-2,0.9937614972754621
PAR_CNTR_LINK-1,STORAGE_ADDR_SEG-2,0.9935718977479884
SEG_CNTR_LINK-1,STORAGE_ADDR_SEG-2,0.9919017963539251
PAR_CNTR_LINK-2,STORAGE_ADDR_SEG-2,0.9935023423278186
TC_PACKET_CNTR,STORAGE_ADDR_SEG-2,0.9931961993897922
MINOR_CYCLE-2_EXE_TIME,STORAGE_ADDR_SEG-2,0.9805018741412683
QOB-1,TC_CYCLE_TIMER,0.9979582235138784
QOB-3,TC_CYCLE_TIMER,0.9988313713197606
ORB_TIMER_SEC,TC_CYCLE_TIMER,0.9992921754986879
MAJOR_CYCLE_CNTR,TC_CYCLE_TIMER,0.9992857754850001
SUPER_CYCLE_OBT_MSEC,TC_CYCLE_TIMER,0.9993210646262145
EXE_CMD_CNTR_SEL_LSB,EXE_CMD_CNTR_NS_LSB,0.9999606607054794
EXE_CMD_CNTR_SEL,EXE_CMD_CNTR_NS_LSB,0.9999606607054794
PAR_CNTR_LINK-1,EXE_CMD_CNTR_NS_LSB,0.9999151036586449
SEG_CNTR_LINK-1,EXE_CMD_CNTR_NS_LSB,0.99881348488432
PAR_CNTR_LINK-2,EXE_CMD_CNTR_NS_LSB,0.9998794891437013
TC_PACKET_CNTR,EXE_CMD_CNTR_NS_LSB,0.9991772801169732
MINOR_CYCLE-2_EXE_TIME,EXE_CMD_CNTR_NS_LSB,0.9883035570396442
STORAGE_ADDR_SEG-2,EXE_CMD_CNTR_NS_LSB,0.9937732331426273
EXE_CMD_CNTR_SEL_LSB,EXE_CMD_CNTR_NS,0.9999606607054794
EXE_CMD_CNTR_SEL,EXE_CMD_CNTR_NS,0.9999606607054794
PAR_CNTR_LINK-1,EXE_CMD_CNTR_NS,0.9999151036586449
SEG_CNTR_LINK-1,EXE_CMD_CNTR_NS,0.99881348488432
PAR_CNTR_LINK-2,EXE_CMD_CNTR_NS,0.9998794891437013
TC_PACKET_CNTR,EXE_CMD_CNTR_NS,0.9991772801169732
MINOR_CYCLE-2_EXE_TIME,EXE_CMD_CNTR_NS,0.9883035570396442
STORAGE_ADDR_SEG-2,EXE_CMD_CNTR_NS,0.9937732331426273
EXE_CMD_CNTR_NS_LSB,EXE_CMD_CNTR_NS,1.0
MINOR_CYCLE-5_EXE_TIME,LINK-2_EXE_REG_NS,0.9875855672645126
LINK-2_EXE_REG,LINK-2_EXE_REG_NS,1.0
EXE_CMD_CNTR_SEL_LSB,PAR_CNTR_LINK-1_OS,0.9988500287132918
EXE_CMD_CNTR_SEL,PAR_CNTR_LINK-1_OS,0.9988500287132918
PAR_CNTR_LINK-1,PAR_CNTR_LINK-1_OS,0.9991153364773727
SEG_CNTR_LINK-1,PAR_CNTR_LINK-1_OS,0.9993318659807205
PAR_CNTR_LINK-2,PAR_CNTR_LINK-1_OS,0.9991965444023401
TC_PACKET_CNTR,PAR_CNTR_LINK-1_OS,0.9992748096689371
MINOR_CYCLE-2_EXE_TIME,PAR_CNTR_LINK-1_OS,0.984860586396075
STORAGE_ADDR_SEG-2,PAR_CNTR_LINK-1_OS,0.9924600847535525
EXE_CMD_CNTR_NS_LSB,PAR_CNTR_LINK-1_OS,0.9987949633042774
EXE_CMD_CNTR_NS,PAR_CNTR_LINK-1_OS,0.9987949633042774
EXE_CMD_CNTR_SEL_LSB,PAR_CNTR_LINK-2_OS,0.9988500287132918
EXE_CMD_CNTR_SEL,PAR_CNTR_LINK-2_OS,0.9988500287132918
PAR_CNTR_LINK-1,PAR_CNTR_LINK-2_OS,0.9991153364773727
SEG_CNTR_LINK-1,PAR_CNTR_LINK-2_OS,0.9993318659807205
PAR_CNTR_LINK-2,PAR_CNTR_LINK-2_OS,0.9991965444023401
TC_PACKET_CNTR,PAR_CNTR_LINK-2_OS,0.9992748096689371
MINOR_CYCLE-2_EXE_TIME,PAR_CNTR_LINK-2_OS,0.984860586396075
STORAGE_ADDR_SEG-2,PAR_CNTR_LINK-2_OS,0.9924600847535525
EXE_CMD_CNTR_NS_LSB,PAR_CNTR_LINK-2_OS,0.9987949633042774
EXE_CMD_CNTR_NS,PAR_CNTR_LINK-2_OS,0.9987949633042774
PAR_CNTR_LINK-1_OS,PAR_CNTR_LINK-2_OS,1.0
F-2_STORAGE_CURR_ADDR,OBC-1_POS_10V_VOL,0.9991947702370089
F-2_STORAGE_CURR_ADDR,OBC-1_NEG_10V_VOL,0.9926865512345865
OBC-1_POS_10V_VOL,OBC-1_NEG_10V_VOL,0.9918734322830591
BDH-R_POS_5V_MON,OBC-1_UBUS_VOL,0.9664972895916216
BDH-R_POS_3.3V_MON,OBC-1_UBUS_VOL,0.9676842713379064
F-2_STORAGE_CURR_ADDR,OBC-1_UBUS_VOL,0.9510803548565159
OBC-1_POS_10V_VOL,OBC-1_UBUS_VOL,0.9503539118757199
QOB-1,SUPER_CYCLE_OBT_MSEC_NS,0.9992300089426106
QOB-3,SUPER_CYCLE_OBT_MSEC_NS,0.9996261965166793
ORB_TIMER_SEC,SUPER_CYCLE_OBT_MSEC_NS,0.9999788935983167
MAJOR_CYCLE_CNTR,SUPER_CYCLE_OBT_MSEC_NS,0.9999622090792646
SUPER_CYCLE_OBT_MSEC,SUPER_CYCLE_OBT_MSEC_NS,0.9999378685395451
TC_CYCLE_TIMER,SUPER_CYCLE_OBT_MSEC_NS,0.9992859761858379
QOB-1,TC_CYCLE_TIMER_1553_OS,0.9974715187955344
QOB-3,TC_CYCLE_TIMER_1553_OS,0.998369779402413
ORB_TIMER_SEC,TC_CYCLE_TIMER_1553_OS,0.9986056132672607
MAJOR_CYCLE_CNTR,TC_CYCLE_TIMER_1553_OS,0.9985570062708966
SUPER_CYCLE_OBT_MSEC,TC_CYCLE_TIMER_1553_OS,0.9985432122444552
TC_CYCLE_TIMER,TC_CYCLE_TIMER_1553_OS,0.9996876005626855
SUPER_CYCLE_OBT_MSEC_NS,TC_CYCLE_TIMER_1553_OS,0.9985855564807996
F-2_STORAGE_CURR_ADDR,OBC-2_POS_10V_VOL,0.9995277653611035
OBC-1_POS_10V_VOL,OBC-2_POS_10V_VOL,0.9982574617021454
OBC-1_NEG_10V_VOL,OBC-2_POS_10V_VOL,0.9925380473000673
OBC-1_UBUS_VOL,OBC-2_POS_10V_VOL,0.950634208547946
BDH-M_POS_5V_MON,OBC-2_UBUS_VOL,0.9670015851394418
BDH-M_POS_3.3V_MON,OBC-2_UBUS_VOL,0.9830073190183458
QOB-1,UPDT_DATA_SET_WD,0.9992541742504738
QOB-3,UPDT_DATA_SET_WD,0.9996464037622638
ORB_TIMER_SEC,UPDT_DATA_SET_WD,0.9999776404083393
MAJOR_CYCLE_CNTR,UPDT_DATA_SET_WD,0.9999692630001088
SUPER_CYCLE_OBT_MSEC,UPDT_DATA_SET_WD,0.99998096315564
TC_CYCLE_TIMER,UPDT_DATA_SET_WD,0.9993036794824081
SUPER_CYCLE_OBT_MSEC_NS,UPDT_DATA_SET_WD,0.999980820329864
TC_CYCLE_TIMER_1553_OS,UPDT_DATA_SET_WD,0.9985307989877854
BDH-M_POS_5V_MON,SSR-1_MAIN_POS_3.3V,0.9822636208032134
BDH-M_POS_3.3V_MON,SSR-1_MAIN_POS_3.3V,0.9978130122865159
BDH-R_POS_3.3V_MON,SSR-1_MAIN_POS_3.3V,0.9504105647588468
OBC-2_UBUS_VOL,SSR-1_MAIN_POS_3.3V,0.9831085810906056
BDH-M_POS_5V_MON,SSR-1_MAIN_POS_5V,0.9658158107027162
BDH-R_POS_5V_MON,SSR-1_MAIN_POS_5V,0.9977323121467697
BDH-M_POS_3.3V_MON,SSR-1_MAIN_POS_5V,0.9501017246899195
BDH-R_POS_3.3V_MON,SSR-1_MAIN_POS_5V,0.9989662426772381
OBC-1_UBUS_VOL,SSR-1_MAIN_POS_5V,0.9663482537516745
BDH-M_POS_5V_MON,SSR-2_MAIN_POS_3.3V,0.9659397129659308
BDH-R_POS_5V_MON,SSR-2_MAIN_POS_3.3V,0.9977426630595999
BDH-M_POS_3.3V_MON,SSR-2_MAIN_POS_3.3V,0.9500051172859886
BDH-R_POS_3.3V_MON,SSR-2_MAIN_POS_3.3V,0.9989166615856696
OBC-1_UBUS_VOL,SSR-2_MAIN_POS_3.3V,0.9668661473662679
SSR-1_MAIN_POS_5V,SSR-2_MAIN_POS_3.3V,0.9976738613307362
BDH-M_POS_5V_MON,SSR-2_MAIN_POS_5V,0.9978259268695233
BDH-R_POS_5V_MON,SSR-2_MAIN_POS_5V,0.9655387857228579
BDH-M_POS_3.3V_MON,SSR-2_MAIN_POS_5V,0.9816856213486231
BDH-R_POS_3.3V_MON,SSR-2_MAIN_POS_5V,0.9667842286649364
OBC-2_UBUS_VOL,SSR-2_MAIN_POS_5V,0.9669589698606486
SSR-1_MAIN_POS_3.3V,SSR-2_MAIN_POS_5V,0.9819903238238139
SSR-1_MAIN_POS_5V,SSR-2_MAIN_POS_5V,0.9660290198796888
SSR-2_MAIN_POS_3.3V,SSR-2_MAIN_POS_5V,0.96554682377934
QOB-1,S/C_POS-Y_ORB_MODEL,0.9957289008913746
QOB-3,S/C_POS-Y_ORB_MODEL,0.9945723942804875
ORB_TIMER_SEC,S/C_POS-Y_ORB_MODEL,0.9914400802557439
MAJOR_CYCLE_CNTR,S/C_POS-Y_ORB_MODEL,0.9914748268346727
SUPER_CYCLE_OBT_MSEC,S/C_POS-Y_ORB_MODEL,0.9915578831493774
TC_CYCLE_TIMER,S/C_POS-Y_ORB_MODEL,0.9895857146984098
SUPER_CYCLE_OBT_MSEC_NS,S/C_POS-Y_ORB_MODEL,0.9914473976686308
TC_CYCLE_TIMER_1553_OS,S/C_POS-Y_ORB_MODEL,0.9901325354970262
UPDT_DATA_SET_WD,S/C_POS-Y_ORB_MODEL,0.9915512043410021
QOB-2,S/C_POS-Z_ORB_MODEL,0.9867966495059383
QOB-4,S/C_POS-Z_ORB_MODEL,0.9863743509652666
QOB-1,S/C_VEL-X_ORB_MODEL,0.9888539292899706
QOB-3,S/C_VEL-X_ORB_MODEL,0.9908406840087463
ORB_TIMER_SEC,S/C_VEL-X_ORB_MODEL,0.9915234845917447
MAJOR_CYCLE_CNTR,S/C_VEL-X_ORB_MODEL,0.9913751384420613
SUPER_CYCLE_OBT_MSEC,S/C_VEL-X_ORB_MODEL,0.9912480291354856
TC_CYCLE_TIMER,S/C_VEL-X_ORB_MODEL,0.9953195149561164
SUPER_CYCLE_OBT_MSEC_NS,S/C_VEL-X_ORB_MODEL,0.9914704223043069
TC_CYCLE_TIMER_1553_OS,S/C_VEL-X_ORB_MODEL,0.9961309736257413
UPDT_DATA_SET_WD,S/C_VEL-X_ORB_MODEL,0.991257004258079
S/C_POS-Y_ORB_MODEL,S/C_VEL-X_ORB_MODEL,0.9801543771544659
QOB-2,S/C_VEL-Y_ORB_MODEL,0.9827235996669238
QOB-4,S/C_VEL-Y_ORB_MODEL,0.9900553064476995
S/C_POS-Z_ORB_MODEL,S/C_VEL-Y_ORB_MODEL,0.9996642464677232
QOB-1,S/C_VEL-Z_ORB_MODEL,0.9954449555201197
QOB-3,S/C_VEL-Z_ORB_MODEL,0.9942181593090077
ORB_TIMER_SEC,S/C_VEL-Z_ORB_MODEL,0.9910122158260226
MAJOR_CYCLE_CNTR,S/C_VEL-Z_ORB_MODEL,0.9910572615599739
SUPER_CYCLE_OBT_MSEC,S/C_VEL-Z_ORB_MODEL,0.9911518388667754
TC_CYCLE_TIMER,S/C_VEL-Z_ORB_MODEL,0.9890424458963186
SUPER_CYCLE_OBT_MSEC_NS,S/C_VEL-Z_ORB_MODEL,0.9910229586601603
TC_CYCLE_TIMER_1553_OS,S/C_VEL-Z_ORB_MODEL,0.989578920648105
UPDT_DATA_SET_WD,S/C_VEL-Z_ORB_MODEL,0.9911373814072553
S/C_POS-Y_ORB_MODEL,S/C_VEL-Z_ORB_MODEL,0.9999776781080797
S/C_VEL-X_ORB_MODEL,S/C_VEL-Z_ORB_MODEL,0.9792905980137099
TCR_V_REF_SEL_RT,TCR_I_REF_SEL_RT,0.9999999999999987
TCR_V_REF_SEL_RT,PWR_FPGA_LAST_CMD_EXE_SEL_RT,0.999999999999999
TCR_I_REF_SEL_RT,PWR_FPGA_LAST_CMD_EXE_SEL_RT,1.0
TCR_V_REF_SEL_RT,PWR_FPGA_CMD_CNTR_SEL_RT,1.0
TCR_I_REF_SEL_RT,PWR_FPGA_CMD_CNTR_SEL_RT,1.0
PWR_FPGA_LAST_CMD_EXE_SEL_RT,PWR_FPGA_CMD_CNTR_SEL_RT,1.0
TCR_V_REF_SEL_RT,STRING_CUR_SEL_RT,0.9911346205488035
TCR_I_REF_SEL_RT,STRING_CUR_SEL_RT,0.991134620548804
PWR_FPGA_LAST_CMD_EXE_SEL_RT,STRING_CUR_SEL_RT,0.9911346205488031
PWR_FPGA_CMD_CNTR_SEL_RT,STRING_CUR_SEL_RT,0.9911346205488042
TCR_V_REF_SEL_RT,CV_HYST_SET_SEL_RT,0.9911346205488036
TCR_I_REF_SEL_RT,CV_HYST_SET_SEL_RT,0.9911346205488041
PWR_FPGA_LAST_CMD_EXE_SEL_RT,CV_HYST_SET_SEL_RT,0.9911346205488025
PWR_FPGA_CMD_CNTR_SEL_RT,CV_HYST_SET_SEL_RT,0.991134620548804
STRING_CUR_SEL_RT,CV_HYST_SET_SEL_RT,1.0
TCR_V_REF_SEL_RT,BAT_CHRG_ZERO_CUR_SEL_RT,0.9917204274067306
TCR_I_REF_SEL_RT,BAT_CHRG_ZERO_CUR_SEL_RT,0.9917204274067305
PWR_FPGA_LAST_CMD_EXE_SEL_RT,BAT_CHRG_ZERO_CUR_SEL_RT,0.9917204274067294
PWR_FPGA_CMD_CNTR_SEL_RT,BAT_CHRG_ZERO_CUR_SEL_RT,0.9917204274067322
STRING_CUR_SEL_RT,BAT_CHRG_ZERO_CUR_SEL_RT,0.9994097631985208
CV_HYST_SET_SEL_RT,BAT_CHRG_ZERO_CUR_SEL_RT,0.9994097631985206
EXE_CMD_CNTR_SEL_LSB,ALT_FPGA_TCR_V_REF_SEL_RT,0.9688953930345483
EXE_CMD_CNTR_SEL,ALT_FPGA_TCR_V_REF_SEL_RT,0.9688953930345483
PAR_CNTR_LINK-1,ALT_FPGA_TCR_V_REF_SEL_RT,0.9693699888476426
SEG_CNTR_LINK-1,ALT_FPGA_TCR_V_REF_SEL_RT,0.9708400095017016
PAR_CNTR_LINK-2,ALT_FPGA_TCR_V_REF_SEL_RT,0.9695128822346732
TC_PACKET_CNTR,ALT_FPGA_TCR_V_REF_SEL_RT,0.9716126370668333
MINOR_CYCLE-2_EXE_TIME,ALT_FPGA_TCR_V_REF_SEL_RT,0.9636841323116025
STORAGE_ADDR_SEG-2,ALT_FPGA_TCR_V_REF_SEL_RT,0.9683726725512639
EXE_CMD_CNTR_NS_LSB,ALT_FPGA_TCR_V_REF_SEL_RT,0.968800002948804
EXE_CMD_CNTR_NS,ALT_FPGA_TCR_V_REF_SEL_RT,0.968800002948804
PAR_CNTR_LINK-1_OS,ALT_FPGA_TCR_V_REF_SEL_RT,0.9706527420585105
PAR_CNTR_LINK-2_OS,ALT_FPGA_TCR_V_REF_SEL_RT,0.9706527420585105
EXE_CMD_CNTR_SEL_LSB,ALT_FPGA_TCR_I_REF_SEL_RT,0.9688953930345472
EXE_CMD_CNTR_SEL,ALT_FPGA_TCR_I_REF_SEL_RT,0.9688953930345472
PAR_CNTR_LINK-1,ALT_FPGA_TCR_I_REF_SEL_RT,0.9693699888476441
SEG_CNTR_LINK-1,ALT_FPGA_TCR_I_REF_SEL_RT,0.9708400095017016
PAR_CNTR_LINK-2,ALT_FPGA_TCR_I_REF_SEL_RT,0.9695128822346742
TC_PACKET_CNTR,ALT_FPGA_TCR_I_REF_SEL_RT,0.9716126370668339
MINOR_CYCLE-2_EXE_TIME,ALT_FPGA_TCR_I_REF_SEL_RT,0.9636841323116033
STORAGE_ADDR_SEG-2,ALT_FPGA_TCR_I_REF_SEL_RT,0.9683726725512625
EXE_CMD_CNTR_NS_LSB,ALT_FPGA_TCR_I_REF_SEL_RT,0.9688000029488028
EXE_CMD_CNTR_NS,ALT_FPGA_TCR_I_REF_SEL_RT,0.9688000029488028
PAR_CNTR_LINK-1_OS,ALT_FPGA_TCR_I_REF_SEL_RT,0.970652742058512
PAR_CNTR_LINK-2_OS,ALT_FPGA_TCR_I_REF_SEL_RT,0.970652742058512
ALT_FPGA_TCR_V_REF_SEL_RT,ALT_FPGA_TCR_I_REF_SEL_RT,1.0
EXE_CMD_CNTR_SEL_LSB,ALT_FPGA_STRING_CUR_SEL_RT,0.9687513743719444
EXE_CMD_CNTR_SEL,ALT_FPGA_STRING_CUR_SEL_RT,0.9687513743719444
PAR_CNTR_LINK-1,ALT_FPGA_STRING_CUR_SEL_RT,0.9692247570803226
SEG_CNTR_LINK-1,ALT_FPGA_STRING_CUR_SEL_RT,0.970690089454981
PAR_CNTR_LINK-2,ALT_FPGA_STRING_CUR_SEL_RT,0.9693672729536847
TC_PACKET_CNTR,ALT_FPGA_STRING_CUR_SEL_RT,0.9715547066257009
MINOR_CYCLE-2_EXE_TIME,ALT_FPGA_STRING_CUR_SEL_RT,0.9632632876393808
STORAGE_ADDR_SEG-2,ALT_FPGA_STRING_CUR_SEL_RT,0.9683163312779808
EXE_CMD_CNTR_NS_LSB,ALT_FPGA_STRING_CUR_SEL_RT,0.9686561794293296
EXE_CMD_CNTR_NS,ALT_FPGA_STRING_CUR_SEL_RT,0.9686561794293296
PAR_CNTR_LINK-1_OS,ALT_FPGA_STRING_CUR_SEL_RT,0.970570023015739
PAR_CNTR_LINK-2_OS,ALT_FPGA_STRING_CUR_SEL_RT,0.970570023015739
ALT_FPGA_TCR_V_REF_SEL_RT,ALT_FPGA_STRING_CUR_SEL_RT,0.9994724954280675
ALT_FPGA_TCR_I_REF_SEL_RT,ALT_FPGA_STRING_CUR_SEL_RT,0.9994724954280668
EXE_CMD_CNTR_SEL_LSB,ALT_FPGA_CV_HYST_SET_SEL_RT,0.9687513743719448
EXE_CMD_CNTR_SEL,ALT_FPGA_CV_HYST_SET_SEL_RT,0.9687513743719448
PAR_CNTR_LINK-1,ALT_FPGA_CV_HYST_SET_SEL_RT,0.9692247570803225
SEG_CNTR_LINK-1,ALT_FPGA_CV_HYST_SET_SEL_RT,0.9706900894549807
PAR_CNTR_LINK-2,ALT_FPGA_CV_HYST_SET_SEL_RT,0.969367272953685
TC_PACKET_CNTR,ALT_FPGA_CV_HYST_SET_SEL_RT,0.9715547066257
MINOR_CYCLE-2_EXE_TIME,ALT_FPGA_CV_HYST_SET_SEL_RT,0.9632632876393799
STORAGE_ADDR_SEG-2,ALT_FPGA_CV_HYST_SET_SEL_RT,0.9683163312779803
EXE_CMD_CNTR_NS_LSB,ALT_FPGA_CV_HYST_SET_SEL_RT,0.9686561794293295
EXE_CMD_CNTR_NS,ALT_FPGA_CV_HYST_SET_SEL_RT,0.9686561794293295
PAR_CNTR_LINK-1_OS,ALT_FPGA_CV_HYST_SET_SEL_RT,0.9705700230157379
PAR_CNTR_LINK-2_OS,ALT_FPGA_CV_HYST_SET_SEL_RT,0.9705700230157379
ALT_FPGA_TCR_V_REF_SEL_RT,ALT_FPGA_CV_HYST_SET_SEL_RT,0.9994724954280675
ALT_FPGA_TCR_I_REF_SEL_RT,ALT_FPGA_CV_HYST_SET_SEL_RT,0.999472495428067
ALT_FPGA_STRING_CUR_SEL_RT,ALT_FPGA_CV_HYST_SET_SEL_RT,1.0
EXE_CMD_CNTR_SEL_LSB,PWR_ALT_FPGA_CMD_CNTR_SEL_RT,0.9697632482650999
EXE_CMD_CNTR_SEL,PWR_ALT_FPGA_CMD_CNTR_SEL_RT,0.9697632482650999
PAR_CNTR_LINK-1,PWR_ALT_FPGA_CMD_CNTR_SEL_RT,0.9702451060094949
SEG_CNTR_LINK-1,PWR_ALT_FPGA_CMD_CNTR_SEL_RT,0.9717431903788506
PAR_CNTR_LINK-2,PWR_ALT_FPGA_CMD_CNTR_SEL_RT,0.9703902593325509
TC_PACKET_CNTR,PWR_ALT_FPGA_CMD_CNTR_SEL_RT,0.9719652561676124
MINOR_CYCLE-2_EXE_TIME,PWR_ALT_FPGA_CMD_CNTR_SEL_RT,0.9662102897390403
STORAGE_ADDR_SEG-2,PWR_ALT_FPGA_CMD_CNTR_SEL_RT,0.9687047326777309
EXE_CMD_CNTR_NS_LSB,PWR_ALT_FPGA_CMD_CNTR_SEL_RT,0.9696666899799611
EXE_CMD_CNTR_NS,PWR_ALT_FPGA_CMD_CNTR_SEL_RT,0.9696666899799611
PAR_CNTR_LINK-1_OS,PWR_ALT_FPGA_CMD_CNTR_SEL_RT,0.9711538296715259
PAR_CNTR_LINK-2_OS,PWR_ALT_FPGA_CMD_CNTR_SEL_RT,0.9711538296715259
ALT_FPGA_TCR_V_REF_SEL_RT,PWR_ALT_FPGA_CMD_CNTR_SEL_RT,0.9968450423305636
ALT_FPGA_TCR_I_REF_SEL_RT,PWR_ALT_FPGA_CMD_CNTR_SEL_RT,0.9968450423305657
ALT_FPGA_STRING_CUR_SEL_RT,PWR_ALT_FPGA_CMD_CNTR_SEL_RT,0.9963189846813499
ALT_FPGA_CV_HYST_SET_SEL_RT,PWR_ALT_FPGA_CMD_CNTR_SEL_RT,0.9963189846813502
EXE_CMD_CNTR_SEL_LSB,PWRALT_FPGA_LAST_CMD_EXE_SELRT,0.9697632482651004
EXE_CMD_CNTR_SEL,PWRALT_FPGA_LAST_CMD_EXE_SELRT,0.9697632482651004
PAR_CNTR_LINK-1,PWRALT_FPGA_LAST_CMD_EXE_SELRT,0.970245106009497
SEG_CNTR_LINK-1,PWRALT_FPGA_LAST_CMD_EXE_SELRT,0.97174319037885
PAR_CNTR_LINK-2,PWRALT_FPGA_LAST_CMD_EXE_SELRT,0.9703902593325514
TC_PACKET_CNTR,PWRALT_FPGA_LAST_CMD_EXE_SELRT,0.9719652561676113
MINOR_CYCLE-2_EXE_TIME,PWRALT_FPGA_LAST_CMD_EXE_SELRT,0.9662102897390413
STORAGE_ADDR_SEG-2,PWRALT_FPGA_LAST_CMD_EXE_SELRT,0.9687047326777318
EXE_CMD_CNTR_NS_LSB,PWRALT_FPGA_LAST_CMD_EXE_SELRT,0.9696666899799611
EXE_CMD_CNTR_NS,PWRALT_FPGA_LAST_CMD_EXE_SELRT,0.9696666899799611
PAR_CNTR_LINK-1_OS,PWRALT_FPGA_LAST_CMD_EXE_SELRT,0.9711538296715236
PAR_CNTR_LINK-2_OS,PWRALT_FPGA_LAST_CMD_EXE_SELRT,0.9711538296715236
ALT_FPGA_TCR_V_REF_SEL_RT,PWRALT_FPGA_LAST_CMD_EXE_SELRT,0.9968450423305655
ALT_FPGA_TCR_I_REF_SEL_RT,PWRALT_FPGA_LAST_CMD_EXE_SELRT,0.9968450423305637
ALT_FPGA_STRING_CUR_SEL_RT,PWRALT_FPGA_LAST_CMD_EXE_SELRT,0.9963189846813487
ALT_FPGA_CV_HYST_SET_SEL_RT,PWRALT_FPGA_LAST_CMD_EXE_SELRT,0.9963189846813487
PWR_ALT_FPGA_CMD_CNTR_SEL_RT,PWRALT_FPGA_LAST_CMD_EXE_SELRT,1.0
PRES_TRANS-1_O/P,PRES_TRANS-2_O/P,0.9973633631993535
PRES_TRANS-1_O/P,FUEL_BALANCE,0.9999489063590896
PRES_TRANS-2_O/P,FUEL_BALANCE,0.9974529122957275
BDH-M_POS_5V_MON,TTC_RX-1_I/F_CARD_ON_OFF_STS,0.965624321355784
BDH-M_POS_3.3V_MON,TTC_RX-1_I/F_CARD_ON_OFF_STS,0.9821063899625446
OBC-2_UBUS_VOL,TTC_RX-1_I/F_CARD_ON_OFF_STS,0.9987614602027237
SSR-1_MAIN_POS_3.3V,TTC_RX-1_I/F_CARD_ON_OFF_STS,0.9820246956413203
SSR-2_MAIN_POS_5V,TTC_RX-1_I/F_CARD_ON_OFF_STS,0.9659543806340206
BDH-M_POS_5V_MON,TTC_RX-1_LO_LOCK_STS,0.997904754002632
BDH-R_POS_5V_MON,TTC_RX-1_LO_LOCK_STS,0.9656733528430265
BDH-M_POS_3.3V_MON,TTC_RX-1_LO_LOCK_STS,0.9819449340177043
BDH-R_POS_3.3V_MON,TTC_RX-1_LO_LOCK_STS,0.9667671957250976
OBC-2_UBUS_VOL,TTC_RX-1_LO_LOCK_STS,0.9669828921680312
SSR-1_MAIN_POS_3.3V,TTC_RX-1_LO_LOCK_STS,0.9820617173431534
SSR-1_MAIN_POS_5V,TTC_RX-1_LO_LOCK_STS,0.9659264201494617
SSR-2_MAIN_POS_3.3V,TTC_RX-1_LO_LOCK_STS,0.9656050730442577
SSR-2_MAIN_POS_5V,TTC_RX-1_LO_LOCK_STS,0.9979461000738102
TTC_RX-1_I/F_CARD_ON_OFF_STS,TTC_RX-1_LO_LOCK_STS,0.9663985037166615
TTC_RX-1_AGC,TTC_RX-1_AGC_CTM-1,1.0
TTC_RX-2_AGC,TTC_RX-2_AGC_CTM-1,0.9991120498640896
BDH-M_POS_5V_MON,SSM-M_MOTOR_CUR,0.9657309492726098
BDH-R_POS_5V_MON,SSM-M_MOTOR_CUR,0.9981650010582713
BDH-R_POS_3.3V_MON,SSM-M_MOTOR_CUR,0.998954667461346
OBC-1_UBUS_VOL,SSM-M_MOTOR_CUR,0.9665489394258295
SSR-1_MAIN_POS_5V,SSM-M_MOTOR_CUR,0.9977155453529305
SSR-2_MAIN_POS_3.3V,SSM-M_MOTOR_CUR,0.9977152264062664
SSR-2_MAIN_POS_5V,SSM-M_MOTOR_CUR,0.9654436103187749
TTC_RX-1_LO_LOCK_STS,SSM-M_MOTOR_CUR,0.9655909270905333
BDH-M_POS_5V_MON,SSM-M_TCS_VOL,0.9657533233114531
BDH-R_POS_5V_MON,SSM-M_TCS_VOL,0.9982631708227119
BDH-R_POS_3.3V_MON,SSM-M_TCS_VOL,0.9989432958942648
OBC-1_UBUS_VOL,SSM-M_TCS_VOL,0.9668598524123412
SSR-1_MAIN_POS_5V,SSM-M_TCS_VOL,0.9974953719929794
SSR-2_MAIN_POS_3.3V,SSM-M_TCS_VOL,0.9977472748981093
SSR-2_MAIN_POS_5V,SSM-M_TCS_VOL,0.9655351792250217
TTC_RX-1_LO_LOCK_STS,SSM-M_TCS_VOL,0.9655385785821159
SSM-M_MOTOR_CUR,SSM-M_TCS_VOL,0.998036600102755
BDH-M_POS_5V_MON,SCE-M_POS_12V_VOL,0.9656684463215717
BDH-R_POS_5V_MON,SCE-M_POS_12V_VOL,0.9983759025330228
BDH-R_POS_3.3V_MON,SCE-M_POS_12V_VOL,0.998954887455092
OBC-1_UBUS_VOL,SCE-M_POS_12V_VOL,0.9663838797230736
SSR-1_MAIN_POS_5V,SCE-M_POS_12V_VOL,0.9977969796638723
SSR-2_MAIN_POS_3.3V,SCE-M_POS_12V_VOL,0.9977347317292006
SSR-2_MAIN_POS_5V,SCE-M_POS_12V_VOL,0.9658000148852359
TTC_RX-1_LO_LOCK_STS,SCE-M_POS_12V_VOL,0.9656768242861328
SSM-M_MOTOR_CUR,SCE-M_POS_12V_VOL,0.997963174353513
SSM-M_TCS_VOL,SCE-M_POS_12V_VOL,0.9978070588928392
BDH-M_POS_5V_MON,SCE-M_POS_1P5V_VOL,0.9657456359370116
BDH-R_POS_5V_MON,SCE-M_POS_1P5V_VOL,0.9976333817009975
BDH-R_POS_3.3V_MON,SCE-M_POS_1P5V_VOL,0.9987990030869379
OBC-1_UBUS_VOL,SCE-M_POS_1P5V_VOL,0.9660726075624686
SSR-1_MAIN_POS_5V,SCE-M_POS_1P5V_VOL,0.9976167395352022
SSR-2_MAIN_POS_3.3V,SCE-M_POS_1P5V_VOL,0.9976590185938128
SSR-2_MAIN_POS_5V,SCE-M_POS_1P5V_VOL,0.9656401431420473
TTC_RX-1_LO_LOCK_STS,SCE-M_POS_1P5V_VOL,0.9656684764876138
SSM-M_MOTOR_CUR,SCE-M_POS_1P5V_VOL,0.997634762616083
SSM-M_TCS_VOL,SCE-M_POS_1P5V_VOL,0.9977874462565155
SCE-M_POS_12V_VOL,SCE-M_POS_1P5V_VOL,0.997850916446725
BDH-M_POS_5V_MON,SCE-R_POS_5V_VOL,0.9667874437397325
BDH-R_POS_5V_MON,SCE-R_POS_5V_VOL,0.9989284525877244
BDH-M_POS_3.3V_MON,SCE-R_POS_5V_VOL,0.9509439683322356
BDH-R_POS_3.3V_MON,SCE-R_POS_5V_VOL,0.9999764552583683
OBC-1_UBUS_VOL,SCE-R_POS_5V_VOL,0.9676472840337348
SSR-1_MAIN_POS_3.3V,SCE-R_POS_5V_VOL,0.9504042889631584
SSR-1_MAIN_POS_5V,SCE-R_POS_5V_VOL,0.9989588156510624
SSR-2_MAIN_POS_3.3V,SCE-R_POS_5V_VOL,0.9988552882367313
SSR-2_MAIN_POS_5V,SCE-R_POS_5V_VOL,0.9667791432440427
TTC_RX-1_LO_LOCK_STS,SCE-R_POS_5V_VOL,0.9667094958913879
SSM-M_MOTOR_CUR,SCE-R_POS_5V_VOL,0.9989483161640373
SSM-M_TCS_VOL,SCE-R_POS_5V_VOL,0.9989372959393504
SCE-M_POS_12V_VOL,SCE-R_POS_5V_VOL,0.998948278779847
SCE-M_POS_1P5V_VOL,SCE-R_POS_5V_VOL,0.9987427377128559
F-2_STORAGE_CURR_ADDR,SCAT_TWTA-R_HELIX_CUR_DIRECT,0.9679425776533769
TRAP_INDEX_TM,SCAT_TWTA-R_HELIX_CUR_DIRECT,0.9515664102439189
OBC-1_POS_10V_VOL,SCAT_TWTA-R_HELIX_CUR_DIRECT,0.9673230179086895
OBC-1_NEG_10V_VOL,SCAT_TWTA-R_HELIX_CUR_DIRECT,0.9607165764162334
OBC-2_POS_10V_VOL,SCAT_TWTA-R_HELIX_CUR_DIRECT,0.9672138129272513
F-2_STORAGE_CURR_ADDR,P-1_SPSS_M_SUM_O/P,0.9832775202670769
OBC-1_POS_10V_VOL,P-1_SPSS_M_SUM_O/P,0.9824198048552295
OBC-1_NEG_10V_VOL,P-1_SPSS_M_SUM_O/P,0.9757626905661915
OBC-1_UBUS_VOL,P-1_SPSS_M_SUM_O/P,0.9667724033515296
OBC-2_POS_10V_VOL,P-1_SPSS_M_SUM_O/P,0.9827886101181987
SCAT_TWTA-R_HELIX_CUR_DIRECT,P-1_SPSS_M_SUM_O/P,0.9505985674776469
F-2_STORAGE_CURR_ADDR,P-1_SPSS_R_SUM_O/P,0.9833023929004403
OBC-1_POS_10V_VOL,P-1_SPSS_R_SUM_O/P,0.9825197197149554
OBC-1_NEG_10V_VOL,P-1_SPSS_R_SUM_O/P,0.9761697105026573
OBC-1_UBUS_VOL,P-1_SPSS_R_SUM_O/P,0.9669702142543112
OBC-2_POS_10V_VOL,P-1_SPSS_R_SUM_O/P,0.9828384943760188
SCAT_TWTA-R_HELIX_CUR_DIRECT,P-1_SPSS_R_SUM_O/P,0.9504825547169727
P-1_SPSS_M_SUM_O/P,P-1_SPSS_R_SUM_O/P,0.997994922937569
P-1_SADA_R_POT_ANG,P-1_SADA_R_POT_LSB,0.9999991300116396
BDH-R_POS_5V_MON,P-2_SADA_R_COS_CUR,0.9504058244988832
BDH-R_POS_3.3V_MON,P-2_SADA_R_COS_CUR,0.9516839320948826
F-2_STORAGE_CURR_ADDR,P-2_SADA_R_COS_CUR,0.9680465419307412
OBC-1_POS_10V_VOL,P-2_SADA_R_COS_CUR,0.9672588938462847
OBC-1_NEG_10V_VOL,P-2_SADA_R_COS_CUR,0.9609951680002775
OBC-1_UBUS_VOL,P-2_SADA_R_COS_CUR,0.9837042673013304
OBC-2_POS_10V_VOL,P-2_SADA_R_COS_CUR,0.9676052574945353
SSR-1_MAIN_POS_5V,P-2_SADA_R_COS_CUR,0.9503683122434289
SSR-2_MAIN_POS_3.3V,P-2_SADA_R_COS_CUR,0.9510901722623835
SSM-M_MOTOR_CUR,P-2_SADA_R_COS_CUR,0.9503407406861925
SSM-M_TCS_VOL,P-2_SADA_R_COS_CUR,0.9511035067509639
SCE-M_POS_12V_VOL,P-2_SADA_R_COS_CUR,0.9503446635201407
SCE-M_POS_1P5V_VOL,P-2_SADA_R_COS_CUR,0.9501024557992359
SCE-R_POS_5V_VOL,P-2_SADA_R_COS_CUR,0.9516636051245136
P-1_SPSS_M_SUM_O/P,P-2_SADA_R_COS_CUR,0.9833597483420299
P-1_SPSS_R_SUM_O/P,P-2_SADA_R_COS_CUR,0.9833863781909167
P-2_SADA_R_POT_ANG,P-2_SADA_R_POT_LSB,1.0
QOB-1,ATC_HTR_NO,0.9992541742504739
QOB-3,ATC_HTR_NO,0.9996464037622639
ORB_TIMER_SEC,ATC_HTR_NO,0.9999776404083395
MAJOR_CYCLE_CNTR,ATC_HTR_NO,0.9999692630001087
SUPER_CYCLE_OBT_MSEC,ATC_HTR_NO,0.99998096315564
TC_CYCLE_TIMER,ATC_HTR_NO,0.9993036794824083
SUPER_CYCLE_OBT_MSEC_NS,ATC_HTR_NO,0.9999808203298638
TC_CYCLE_TIMER_1553_OS,ATC_HTR_NO,0.9985307989877856
UPDT_DATA_SET_WD,ATC_HTR_NO,1.0
S/C_POS-Y_ORB_MODEL,ATC_HTR_NO,0.9915512043410022
S/C_VEL-X_ORB_MODEL,ATC_HTR_NO,0.991257004258079
S/C_VEL-Z_ORB_MODEL,ATC_HTR_NO,0.9911373814072554
PTM_SYNC_STS,APU_BASE_TS057_TMP,0.9680498948648184
SS1_M_TS053_TMP,APU_BASE_TS057_TMP,0.9680499741372818
SS1_M_TS053_TMP,SAFE_ES-1_BP_TS063_TMP,0.9680500533456174
FUELTANK-2_TS090_TMP,FCV_R5_TS097_TMP,0.9685486306886831
FUELTANK-2_TS090_TMP,FCV_R7_TS099_TMP,0.9685486306886831
FCV_R5_TS097_TMP,FCV_R7_TS099_TMP,1.0
FCV_R5_TS097_TMP,11N_FCV_D3_TS103_TMP,0.9685485901309153
FCV_R7_TS099_TMP,11N_FCV_D3_TS103_TMP,0.9685485901309153
