column,std
BODY_MOMENTUM_HX,0.0
BODY_MOMENTUM_HY,0.0
BODY_MOMENTUM_HZ,0.0
DELTA_MOMENTUM_YAW,0.0
DELTA_MOMENTUM_ROL,0.0
DELTA_MOMENTUM_PCH,0.0
QIB-1,0.0
QIB-2,0.0
QIB-3,0.0
QIB-4,2.2206681271674807e-16
QREF-1,0.0
QREF-2,0.0
QREF-3,0.0
QREF-4,1.1103342861401552e-16
QSUNB-1,0.0
QSUNB-2,0.0
QSUNB-3,0.0
QSUNB-4,2.2206685276887506e-16
SKF_QIB-1,0.0
SKF_QIB-2,0.0
SKF_QIB-3,0.0
SKF_QIB-4,1.1103341747505415e-16
DYN_OBS_QIB-1,0.0
DYN_OBS_QIB-2,0.0
DYN_OBS_QIB-3,0.0
DYN_OBS_QIB-4,1.1103343084448743e-16
SKF_RES_QIB-1,0.0
SKF_RES_QIB-2,0.0
SKF_RES_QIB-3,0.0
DER_RATE_YAW,0.0
DER_RATE_ROL,0.0
DER_RATE_PCH,0.0
REF_RATE_YAW,0.0
REF_RATE_ROL,0.0
REF_RATE_PCH,0.0
RES_RATE_YAW,0.0
RES_RATE_ROL,0.0
RES_RATE_PCH,0.0
DYN_OBS_RATE_YAW,0.0
DYN_OBS_RATE_ROL,0.0
DYN_OBS_RATE_PCH,0.0
RF_RATE_YAW,0.0
RF_RATE_ROL,0.0
RF_RATE_PCH,0.0
MAG_BASED_RATE_YAW,0.0
MAG_BASED_RATE_ROL,0.0
MAG_BASED_RATE_PCH,0.0
RF_RES_RATE_YAW,0.0
RF_RES_RATE_ROL,0.0
RF_RES_RATE_PCH,0.0
MAG_EST_RATE_YAW,0.0
MAG_EST_RATE_ROL,0.0
MAG_EST_RATE_PCH,0.0
SKF_DRIFT_YAW,0.0
SKF_DRIFT_ROL,0.0
SKF_DRIFT_PCH,0.0
DF_DIST_TORQ_YAW,0.0
DF_DIST_TORQ_ROL,0.0
DF_DIST_TORQ_PCH,0.0
RF_DIST_TORQ_YAW,0.0
RF_DIST_TORQ_ROL,0.0
RF_DIST_TORQ_PCH,0.0
PROC_ERR_YAW,0.0
PROC_ERR_ROL,0.0
PROC_ERR_PCH,0.0
STEERING_BIAS_YAW,0.0
STEERING_BIAS_PCH,0.0
OM_FIRE_DUR,0.0
OM_ROTN_DUR,0.0
R-1_THR_HIST,0.0
R-2_THR_HIST,0.0
R-3_THR_HIST,0.0
R-4_THR_HIST,0.0
R-5_THR_HIST,0.0
R-6_THR_HIST,0.0
R-7_THR_HIST,0.0
R-8_THR_HIST,0.0
Y-1_THR_HIST,0.0
Y-2_THR_HIST,0.0
Y-3_THR_HIST,0.0
Y-4_THR_HIST,0.0
D-1_THR_HIST,0.0
D-2_THR_HIST,0.0
D-3_THR_HIST,0.0
D-4_THR_HIST,0.0
ORB_PERIOD_SEC,1.819172428087603e-12
DAMP_TORQ_YAW,0.0
DAMP_TORQ_ROL,0.0
DTG_COMP_ANG_YAW,0.0
DTG_COMP_ANG_ROL,0.0
DTG_COMP_ANG_PCH,0.0
DTG-1_ROL_ACC_ANG,0.0
DTG-1_PCH_ACC_ANG,0.0
DTG-1_CMDD_DRC_ROL,0.0
DTG-1_CMDD_DRC_PCH,0.0
DTG-2_PCH_ACC_ANG,0.0
DTG-2_YAW_ACC_ANG,0.0
DTG-2_CMDD_DRC_PCH,0.0
DTG-2_CMDD_DRC_YAW,0.0
DTG-3_YAW_ACC_ANG,0.0
DTG-3_ROL_ACC_ANG,0.0
DTG-3_CMDD_DRC_YAW,0.0
DTG-3_CMDD_DRC_ROL,0.0
MAG_REF_FIELD_YAW,0.0
MAG_REF_FIELD_ROL,0.0
MAG_REF_FIELD_PCH,0.0
PROC_SS_QIB-1,0.0
PROC_SS_QIB-2,0.0
PROC_SS_QIB-3,0.0
PROC_SS_QIB-4,2.2206681271674807e-16
SS_UPDT_CNT,0.0
LINK_WDT_TIMER,0.0
CMDD_NSC_SPD,0.0
RW-1_SPD_AOCE,0.0
RW-1_EST_SPD_AOCE,0.0
RW-1_I/P_TORQ_AOCE,0.0
RW-1_DFC_TORQ_AOCE,0.0
RW-1_NSC_SPD,0.0
RW-2_SPD_AOCE,0.0
RW-2_EST_SPD_AOCE,0.0
RW-2_I/P_TORQ_AOCE,0.0
RW-2_DFC_TORQ_AOCE,0.0
RW-2_NSC_SPD,0.0
RW-3_SPD_AOCE,0.0
RW-3_EST_SPD_AOCE,0.0
RW-3_I/P_TORQ_AOCE,0.0
RW-3_DFC_TORQ_AOCE,0.0
RW-3_NSC_SPD,0.0
RW-4_SPD_AOCE,0.0
RW-4_EST_SPD_AOCE,0.0
RW-4_I/P_TORQ_AOCE,0.0
RW-4_DFC_TORQ_AOCE,0.0
RW-4_NSC_SPD,0.0
QIB-1_NS,0.0
QIB-2_NS,0.0
QIB-3_NS,0.0
DER_RATE_YAW_NS,0.0
DER_RATE_ROL_NS,0.0
DER_RATE_PCH_NS,0.0
PROC_ERR_YAW_NS,0.0
PROC_ERR_ROL_NS,0.0
PROC_ERR_PCH_NS,0.0
PROC_SS_QIB-1_NS,0.0
PROC_SS_QIB-2_NS,0.0
PROC_SS_QIB-3_NS,0.0
SS-1_UPDT_CNT_NS,0.0
DIRECT_ACQ_STS,0.0
DIRECT_ACQ_FLAG,0.0
AUTO_SEQ_EXE_STS,0.0
SKF_STS,0.0
DF_STS,0.0
MD_INHIBIT_FLAG,0.0
GYROCAL_FLAG,0.0
DRAG_COMP,0.0
ECL_STS,0.0
REMD_STS,0.0
RRD_STS,0.0
RRD_THR_FIRE_DUR,0.0
RRD_SEL_AXIS_RATE,0.0
RRD_WNORM-1,0.0
RRD_WNORM-2,0.0
REMD_BASED_RECOVERY,0.0
REMD_BASED_RATE_DUMP,0.0
RRD_RATE_DAMP_FLAG,0.0
SNS_EXE,0.0
PLD_SEQ_EXE,0.0
STORAGE_ACTIVE,0.0
MAJ_VOTE_ANDED_SNAP_STS,0.0
SV_COEFF_READY_FLAG,0.0
BP_INIT,0.0
GOODS_INIT,0.0
ODP_SV_VALDN,0.0
FDI_CNTR,0.0
FDI_CNTR_NS,0.0
4PI_SM_OVERRIDE,0.0
4PI_SM_STS,0.0
MRS_FOR_RRD_STS,0.0
MRS_CONV_CHK,0.0
WHL_IN_LOOP_TIME,0.0
OM_OFF_MOD_FLAG,0.0
SPS_SV_TIME_FAIL_CNT,0.0
SPS_3D_FIX_FAIL_CNT,0.0
SPS_GPS_SYNC_TIME_FAIL_CNT,0.0
SPS_PDOP_FAIL_CNT,0.0
SPS_UPDT_FAIL_CNT,0.0
SPS_EVENT_CMD_CNT,0.0
SPS_REC_ON,0.0
ES_PROC_ERR_ROL,0.0
ES_PROC_ERR_PCH,0.0
ES_AUTO_NORMAL_GATING_ISSUD,0.0
GYRO_RP_WITH_HIGH_RATE_FLAG,0.0
DTG_ANALOG_RATE_FLAG,0.0
DTG-1_ROL_ANALOG_RATE_STS,0.0
DTG-1_PCH_ANALOG_RATE_STS,0.0
DTG-1_FAIL_STS,0.0
DTG-2_PCH_ANALOG_RATE_STS,0.0
DTG-2_YAW_ANALOG_RATE_STS,0.0
DTG-2_FAIL_STS,0.0
DTG-3_YAW_ANALOG_RATE_STS,0.0
DTG-3_ROL_ANALOG_RATE_STS,0.0
DTG-3_FAIL_STS,0.0
IGRF_INIT_STS,0.0
SADA_FLIP_STS,0.0
P-1_SADA_ROTN_INHIBIT,0.0
P-2_SADA_ROTN_INHIBIT,0.0
SS_FDIR_RETRY,0.0
BOTH_SS_ON_FOR_FDIR,0.0
SS_CONSY_FAIL_FLAG_TO_MRS,0.0
SS_CONSY_FAIL_CNT,0.0
SS-1_CUR_FD_OCCR,0.0
SS-2_CUR_FD_OCCR,0.0
RW_REDT_AUTO_ON,0.0
RW_NSC_SPD_ACHIEVED,0.0
RW_MOUNT_CORRECTION_STS,0.0
SECOND_RW_FAIL,0.0
RW_TORQ_CUTOFF_LIM,0.0
OVER_SPD_FLG,0.0
RW-1_AUTO_OFF,0.0
RW-2_AUTO_OFF,0.0
RW-3_AUTO_OFF,0.0
RW-4_AUTO_OFF,0.0
AUTO_SEQ_EXE_STS_NS,0.0
MINOR_CYCLE-1_OVRFLW_FLAG_NS,0.0
MINOR_CYCLE-2_OVRFLW_FLAG_NS,0.0
MINOR_CYCLE-3_OVRFLW_FLAG_NS,0.0
MINOR_CYCLE-4_OVRFLW_FLAG_NS,0.0
MINOR_CYCLE-5_OVRFLW_FLAG_NS,0.0
MINOR_CYCLE-6_OVRFLW_FLAG_NS,0.0
MINOR_CYCLE-7_OVRFLW_FLAG_NS,0.0
DTG-1_ROL_ANALOG_RATE_STS_NS,0.0
DTG-1_PCH_ANALOG_RATE_STS_NS,0.0
DTG-1_FAIL_STS_NS,0.0
DTG-2_PCH_ANALOG_RATE_STS_NS,0.0
DTG-2_YAW_ANALOG_RATE_STS_NS,0.0
DTG-2_FAIL_STS_NS,0.0
DTG-3_YAW_ANALOG_RATE_STS_NS,0.0
DTG-3_ROL_ANALOG_RATE_STS_NS,0.0
DTG-3_FAIL_STS_NS,0.0
RW-1_AUTO_OFF_NS,0.0
RW-2_AUTO_OFF_NS,0.0
RW-3_AUTO_OFF_NS,0.0
RW-4_AUTO_OFF_NS,0.0
MOON_CAL_SCAN_CNTR,0.0
MOON_CAL_MAN_SEQ_EXE_STS,0.0
MOON_CAL_RATE_BIAS_FLG,0.0
MOON_CAL_INIT_STS,0.0
MOON_CAL_UPLINK_INIT_STS,0.0
MOON_CAL_CHKSUM_STS,0.0
BDH_WORD-01,0.0
BDH_WORD-02,0.0
BDH_WORD-03,0.0
BDH_WORD-04,0.0
BDH_WORD-05,0.0
BDH_WORD-06,0.0
BDH_WORD-07,0.0
BDH_WORD-08,0.0
BDH_WORD-09,0.0
BDH_WORD-10,0.0
BDH_WORD-11,0.0
BDH_WORD-12,0.0
BDH_WORD-13,0.0
BDH_WORD-14,0.0
BDH_WORD-15,0.0
BDH_WORD-16,0.0
BDH_WORD-17,0.0
BDH_WORD-18,0.0
BDH_WORD-19,0.0
BDH_WORD-20,0.0
BDH_WORD-21,0.0
BDH_WORD-22,0.0
BDH_WORD-23,0.0
BDH_WORD-24,0.0
BDH_WORD-25,0.0
BDH_WORD-26,0.0
BDH_WORD-27,0.0
BDH_WORD-28,0.0
BDH_WORD-29,0.0
BDH_WORD-30,0.0
BDH_WORD-31,0.0
BDH_WORD-32,0.0
BDH_CMD_CNT,0.0
BDH_LAST_CMD_TXMTD,0.0
BDH_TM_PAGE_ID,0.0
BDH_TM_PAGE_CNTR,0.0
BDH_GYRO_PKT_CNT,0.0
BDH_AOCS_PKT_CNT,0.0
BDH_LBT_PKT_CNT,0.0
BDH_FIRST_MINOR_CYCLE_ERR_NO,0.0
BDH_SECND_MINOR_CYCLE_ERR_NO,0.0
BDH_LAST-1_CMD_TXMD,0.0
BDH_PROC_ADDR_AT_WD_OCC,0.0
BDH_WD_CNTR,0.0
DTG-1_CLUSTER_TEMP-1,1.4212278577208004e-14
DTG-1_CLUSTER_TEMP-2,1.4212278577208004e-14
DTG-1_CLUSTER_TEMP-3,1.4212278577208004e-14
DTG-1_CLUSTER_TEMP-4,1.4212278577208004e-14
DTG-2_CLUSTER_TEMP-1,2.842456001056567e-14
DTG-2_CLUSTER_TEMP-2,2.842456001056567e-14
DTG-2_CLUSTER_TEMP-3,2.842456001056567e-14
DTG-2_CLUSTER_TEMP-4,2.842456001056567e-14
DTG-1_HOUSING_TEMP,0.0
DTG-2_HOUSING_TEMP,1.421228057731518e-14
DTG-1_WHL_SPD,0.0
DTG-1_ROL_ANALOG_RATE,3.553069787023598e-15
DTG-1_PCH_ANALOG_RATE,0.0
DTG-1_ROL_FINE_RATE,0.0
DTG-1_PCH_FINE_RATE,0.0
DTG-1_TEMP,0.0
DTG-1_ROL_FINE_RATE_AXES,0.0
DTG-1_PCH_FINE_RATE_AXES,0.0
DTG-1_ROL_DAC_TEMP,2.842455886741858e-14
DTG-1_PCH_DAC_TEMP,2.8424559438877495e-14
DTG-2_WHL_SPD,0.0
DTG-2_PCH_ANALOG_RATE,7.106140145620812e-15
DTG-2_YAW_ANALOG_RATE,1.4212280291241624e-14
DTG-2_PCH_FINE_RATE,4.441337591013008e-16
DTG-2_YAW_FINE_RATE,4.441337680410994e-16
DTG-2_TEMP,0.0
DTG-2_PCH_FINE_RATE_AXES,0.0
DTG-2_YAW_FINE_RATE_AXES,0.0
DTG-2_PCH_DAC_TEMP,2.842456115463036e-14
DTG-2_YAW_DAC_TEMP,2.842456172700715e-14
DTG-3_WHL_SPD,0.0
DTG-3_YAW_ANALOG_RATE,3.553070359056286e-15
DTG-3_ROL_ANALOG_RATE,3.553070359056286e-15
DTG-3_YAW_FINE_RATE,1.776535179528143e-15
DTG-3_ROL_FINE_RATE,4.4413381279396555e-16
DTG-3_TEMP,0.0
DTG-3_YAW_FINE_RATE_AXES,0.0
DTG-3_ROL_FINE_RATE_AXES,0.0
DTG-3_YAW_DAC_TEMP,2.8424564018813795e-14
DTG-3_ROL_DAC_TEMP,2.8424564018813795e-14
ES-1_WORD-01,0.0
ES-1_WORD-02,0.0
ES-1_WORD-03,0.0
ES-1_WORD-04,0.0
ES-1_WORD-05,0.0
ES-1_WORD-06,0.0
ES-1_WORD-07,0.0
ES-1_WORD-08,0.0
ES-1_POS_THD,0.0
ES-1_NEG_THD,0.0
ES-1_HTR_VOL,0.0
ES-1_MOTOR_SPD,0.0
ES-1_5V_MON,0.0
ES-1_CHORD_WIDTH,0.0
ES-1_RAW_PCH_ERR,0.0
ES-1_RAW_PCH_DATA,0.0
ES-1_ACQ_CMD_REC_STS,0.0
ES-1_NOR_CMD_REC_STS,0.0
ES-1_3_DEG_CMD_REC_STS,0.0
ES-1_UPDT_CNTR,0.0
ES-1_RAW_ROL_ERR,1.4212282583049385e-14
SMES-1_EARTH_AVERAGE,0.0
SMES-1_SPACE_AVERAGE,0.0
SMES-1_EARTH_EDGE,0.0
SMES-1_THRESHOLD_EDGE,0.0
SMES-1_GRAD_MAX,0.0
SMES-1_GRAD_MIN,0.0
SMES-1_RAM_CHECKSUM,0.0
SMES-1_SUN-X,0.0
SMES-1_SUN-Y,0.0
SMES-1_LUPC_COUNT,0.0
SMES-1_EARTH_THRESHOLD,0.0
SMES-1_ROLL_ERROR,0.0
SMES-1_PITCH_ERROR,0.0
SMES-1_UPDATE_COUNTER,0.0
SMES-1_EPS_THRESHOLD,0.0
SMES-1_SUN_THRESHOLD,0.0
SMES-1_FOV-START-X,0.0
SMES-1_FOV-START-Y,0.0
SMES-2_EARTH_AVERAGE,0.0
SMES-2_SPACE_AVERAGE,0.0
SMES-2_EARTH_EDGE,0.0
SMES-2_THRESHOLD_EDGE,0.0
SMES-2_GRAD_MAX,0.0
SMES-2_GRAD_MIN,0.0
SMES-2_RAM_CHECKSUM,0.0
SMES-2_SUN-X,0.0
SMES-2_SUN-Y,0.0
SMES-2_LUPC_COUNT,0.0
SMES-2_EARTH_THRESHOLD,0.0
SMES-2_ROLL_ERROR,0.0
SMES-2_PITCH_ERROR,0.0
SMES-2_UPDATE_COUNTER,0.0
SMES-2_EPS_THRESHOLD,0.0
SMES-2_SUN_THRESHOLD,0.0
SMES-2_FOV-START-X,0.0
SMES-2_FOV-START-Y,0.0
P-1_DPLY_TIMER,0.0
P-2_DPLY_TIMER,0.0
EXE_CMD_CNTR_SEL_MSB,0.0
DSR_FRMT_ERR_FLAG_LINK-1,0.0
DSR_SPF_CNTR-1_LINK-1,0.0
DSR_SPF_CNTR-2_LINK-1,0.0
DSR_KEY_INDEX_LINK-1,0.0
DSR_RNM_SEQ_SEED_LSC1_LINK-1,0.0
DSR_RNM_SEQ_SEED_LSC2_LINK-1,0.0
PAR_LINK-1,0.0
PRR_LINK-1,0.0
CLCW_CTRL_WORD_TYPE_LINK-1,0.0
CLCW_VER_NO_LINK-1,0.0
CLCW_STS_FIELD_LINK-1,0.0
CLCW_COP_IN_EFFECT_LINK-1,0.0
CLCW_VCID_LINK-1,0.0
CLCW_LOCKOUT_FLG_LINK-1,0.0
CLCW_WAIT_FLG_LINK-1,0.0
CLCW_RETRANS_FLG_LINK-1,0.0
CLCW_REPORT_VAL_LINK-1,0.0
FAR_SNGL_ER_C_BLK_CRCTD_LINK-1,0.0
MAP-ID_LINK-1,0.0
DSR_FRMT_ERR_FLAG_LINK-2,0.0
DSR_SPF_CNTR-1_LINK-2,0.0
DSR_SPF_CNTR-2_LINK-2,0.0
DSR_KEY_INDEX_LINK-2,0.0
DSR_RNM_SEQ_SEED_LSC1_LINK-2,0.0
DSR_RNM_SEQ_SEED_LSC2_LINK-2,0.0
PAR_LINK-2,0.0
PRR_LINK-2,0.0
CLCW_CTRL_WORD_TYPE_LINK-2,0.0
CLCW_VER_NO_LINK-2,0.0
CLCW_STS_FIELD_LINK-2,0.0
CLCW_FARM-B_CNTR_LINK-2,0.0
CLCW_REPORT_VAL_LINK-2,0.0
FAR_C_BLK_ACCEPTED_LINK-2,0.0
FAR_SNGL_ER_C_BLK_CRCTD_LINK-2,0.0
MAP-ID_LINK-2,0.0
SEG_CNTR_LINK-2,0.0
NEW_CMD_TC_BUFFER_AVL,0.0
LOCAL_CMD_TC_PORT_AVL,0.0
REM_CMD_TC_PORT_AVL,0.0
H/W_EXE_BUF_FUL,0.0
REMOTE_PKT_CHKSUM_REJ_FLAG,0.0
REMOTE_PKT_INDEX_REJ_FLAG,0.0
REMOTE_WRITE_BULK_NOW,0.0
REMOTE_PKT_REJ_INDEX,0.0
REMOTE_PKT_NOW_EXPECT,0.0
SRAM_BLK_CS_R-2,0.0
SRAM_BLK_CS_R-3,0.0
SRAM_BLK_CS_R-4,0.0
SRAM_BLK_CS_R-5,0.0
BOOT_PROG_SEL,0.0
ECL_CTRL_POL,0.0
TCR_HVR_FAIL,0.0
TCR_LVR_FAIL,0.0
TCR_CCR_FAIL,0.0
TCR_HVM_FAIL,0.0
TCR_LVM_FAIL,0.0
TCR_CCM_FAIL,0.0
TCR_FPGA_ADCM_FAIL,0.0
TCR_FPGA_CLKM_FAIL,0.0
TCR_FPGA_ADCR_FAIL,0.0
TCR_FPGA_CLKR_FAIL,0.0
WRONG_EBC_NUM,0.0
REM_UPDT_32_BIT_ADDR,0.0
MINOR_CYCLE-1_EXE_TIME,0.0
MINOR_CYCLE-3_EXE_TIME,0.0
MINOR_CYCLE-4_EXE_TIME,2.22066933308106e-16
MINOR_CYCLE-6_EXE_TIME,2.2206685722803103e-16
MINOR_CYCLE-7_EXE_TIME,0.007983093678807899
TIME_MEAS_MAX_EXE_TIME,0.0
TIME_MEAS_CUR_EXE_TIME,0.0
ERROR_FLAG_SUMMARY,0.0
BMU-30_SERIAL_DATA-1,0.0
BMU-30_SERIAL_DATA-1_OS,0.0
BMU-30_SERIAL_DATA-2,0.0
BMU-30_SERIAL_DATA-2_OS,0.0
EEPROM_DATA_STS,0.0
EEPROM_READ_NOW,0.0
OVERALL_CHKSUM_MSB,0.0
OVERALL_CHKSUM_LSB,0.0
OVERALL_SOURCE_ADDR_MSB,0.0
OVERALL_SOURCE_ADDR_LSB,0.0
EEPROM_BLK_WRITE_CNTR,0.0
EEPROM_BLK_READ_CNTR,0.0
EEPROM_BLK_WRITE,0.0
EEPROM_BLK_READ,0.0
EEPROM_WRITE,0.0
EEPROM_READ,0.0
PROG_BLK_READ_INIT,0.0
RAM_DATA_STS,0.0
MAIN_EXE_REF_CS_MATCH_CP_2_3,0.0
MAIN_EXE_REF_CS_MATCH_CP_3_1,0.0
MAIN_EXE_REF_SZ_MATCH_CP_1_2,0.0
MAIN_EXE_REF_SZ_MATCH_CP_2_3,0.0
MAIN_EXE_REF_SZ_MATCH_CP_3_1,0.0
MAIN_EXE_REF_CS_MATCH_CP_1_2,0.0
EEPROM_CHKSUM_COMP,0.0
EEPROM_CP_2ND_ATTMPT,0.0
EEPROM_MAIN_EXE_LD,0.0
NS_TEMP_SNSR_DATA_TXFR,0.0
NMI_CNTRL-0,0.0
NMI_CNTRL-1,0.0
NMI_CNTRL-2,0.0
NMI_CNTRL-3,0.0
NMI_CNTRL-4,0.0
NMI_CNTRL-5,0.0
NMI_CNTRL-6,0.0
NMI_CNTRL-7,0.0
BAT_SAFE_FLAG-2,0.0
BAT_SAFE_FLAG-3,0.0
BAT_SAFE_FLAG-4,0.0
FPGA_INIT,0.0
OCM_PWR_OFF_ISSUED,0.0
SSTM_FECE_FDIR,0.0
SSTM_CDE_PWR_OFF_ISSUED,0.0
SSTM_FECE_PWR_OFF_ISSUED,0.0
BOTH_BC_BOTH_RT_STS,0.0
TSU_SCAN_START_TIME,0.0
TSU_SCAN_START_RDY_CNTR,0.0
HSU_SCAN_START_TIME,0.0
HSU_SCAN_START_RDY_CNTR,0.0
ACTIVE_SER_MACRO-1_NO,0.0
ACTIVE_SER_MACRO-1_CMD_PTR,0.0
ACTIVE_SER_MACRO-1_DATA_SETNO,0.0
ACTIVE_SER_MACRO-1_NXT_EVNT_T,0.0
ACTIVE_PAR_MACRO-1_NO,0.0
ACTIVE_PAR_MACRO-1_CMD_PTR,0.0
ACTIVE_PAR_MACRO-1_DATA_SETNO,0.0
ACTIVE_PAR_MACRO-1_NXT_EVNT_T,0.0
ACTIVE_PAR_MACRO-2_NO,0.0
ACTIVE_PAR_MACRO-2_CMD_PTR,0.0
ACTIVE_PAR_MACRO-2_DATA_SETNO,0.0
ACTIVE_PAR_MACRO-2_NXT_EVNT_T,0.0
ACTIVE_PAR_MACRO-3_NO,0.0
ACTIVE_PAR_MACRO-3_CMD_PTR,0.0
ACTIVE_PAR_MACRO-3_DATA_SETNO,0.0
ACTIVE_PAR_MACRO-3_NXT_EVNT_T,0.0
ACTIVE_PAR_MACRO-4_NO,0.0
ACTIVE_PAR_MACRO-4_CMD_PTR,0.0
ACTIVE_PAR_MACRO-4_DATA_SETNO,0.0
ACTIVE_PAR_MACRO-4_NXT_EVNT_T,0.0
OBT_DRIFT_EST,0.0
OBT_DRIFT_USED,0.0
OBT_RST_FLAG,0.0
OBT_DRIFT_EST_STS,0.0
DIFF_TT_CUR_CMD_DLY,0.0
DIFF_TT_EDIT_CUR_ADDR,0.0
DIFF_TT_EDIT_STOP_ADDR,0.0
DIFF_TT_OPRN_CUR_ADDR,0.0
DIFF_TT_OPRN_STOP_ADDR,0.0
DIFF_TT_EXE_STS,0.0
OBT_TT_CUR_CMD_DLY,0.0
OBT_TT_PEND_CMDS_TBL-0,0.0
OBT_TT_PEND_CMDS_TBL-1,0.0
NO_OF_PEND_CMDS_TT_Q,0.0
NO_OF_PEND_CMDS_RT_Q,0.0
NO_OF_PENDING_CMDS_ONBOARD_Q,0.0
TT_CMDS_Q_FLAG,0.0
NO_OF_PEND_CMDS_PLD_Q,0.0
PLD_SEQ_CMDS_Q_FLAG,0.0
MASTER_EVENT_PROG_CMD_SEQ,0.0
PC_SEQ_EVENT_NO,0.0
PC_SEQ_EVENT_CMD_CNTR,0.0
ENCYPTION_CLR_OCRD_STS,0.0
VIT_EXECUTE,0.0
PLD_SEQ_NEXT_SESS_OBT,0.0
PLD_SEQ_EXE_CNTR,0.0
REM_VIEW_ADDR_MS_NIB,0.0
REM_UPDT_ADDR,0.0
REM_UPDT_CHKSUM,0.0
REM_UPDT_DATA,0.0
UPLINK_FLOAT_CHK,0.0
NO_OF_1553_MSG_OVRFLW,0.0
SRAM_WRITE_STS,0.0
SRAM_CHKSUM_COMP_STS,0.0
PROM_CHKSUM,0.0
RAM_CHKSUM,0.0
PTM_VER_NO,0.0
PTM_RST_STS,0.0
PTM_TC_ERR_STS,0.0
PTM_FORMAT_UPDT,0.0
PTM_FORMAT,0.0
F2_REC_TC_STS,0.0
F1_REC_STS,0.0
F3_REC_STS,0.0
F4_REC_STS,0.0
STORAGE_ADDR_SEG-3,0.0
F-3_STORAGE_CURR_ADDR,0.0
PB_CURR_ADDR,0.0
SEF_EEPROM_CNTR,0.0
DEF_EEPROM_CNTR,0.0
SEF_RAM_CNTR,0.0
DEF_RAM_CNTR,0.0
SEF_DEF_ADDR,0.0
RD_INH_LOW_CNTR,0.0
RD_WR_CLASH_CNTR,0.0
EXE_LD_PER_CENT,0.0
TRAP_ERR_CNT_WD1,0.0
TRAP_ERR_CNT_WD2,0.0
TRAP_STS_WORD-01,0.0
TRAP_STS_WORD-02,0.0
TRAP_STS_WORD-03,0.0
TRAP_STS_WORD-04,0.0
TRAP_LOC_ORIGN_WD1,0.0
TRAP_LOC_ORIGN_WD2,0.0
EEPROM_LOAD_STS_NS,0.0
TRAP_STS_WORD-05,0.0
TRAP_STS_WORD-06,0.0
TRAP_STS_WORD-07,0.0
TRAP_STS_WORD-08,0.0
TRAP_STS_WORD-09,0.0
TRAP_STS_WORD-10,0.0
TRAP_STS_WORD-11,0.0
TRAP_STS_WORD-12,0.0
TRAP_STS_WORD-13,0.0
TRAP_STS_WORD-14,0.0
TRAP_STS_WORD-15,0.0
TRAP_STS_WORD-16,0.0
PB_STS_S/W,0.0
TM_KEY_INDEX,0.0
TC_FPGA_1553_FAIL_FLAG,0.0
F2_PB_KEY_INDEX,0.0
F2_ENCRYPTION_MODE,0.0
EXE_CMD_CNTR_NS_MSB,0.0
PAR_LINK-1_OS,0.0
FAR_LINK-1_OS,0.0
PAR_LINK-2_OS,0.0
CLCW_LINK-2_OS,0.0
FAR_LINK-2_OS,0.0
EEPROM_STS_NS,0.0
EEPROM_READ_NOW_NS,0.0
OVERALL_CHKSUM_MSB_NS,0.0
OVERALL_CHKSUM_LSB_NS,0.0
OVERALL_SOURCE_ADDR_MSB_NS,0.0
OVERALL_SOURCE_ADDR_LSB_NS,0.0
MAIN_EXE_REF_CS_MATCH_CP_23_NS,0.0
MAIN_EXE_REF_CS_MATCH_CP_31_NS,0.0
MAIN_EXE_REF_SZ_MATCH_CP_12_NS,0.0
MAIN_EXE_REF_SZ_MATCH_CP_23_NS,0.0
MAIN_EXE_REF_SZ_MATCH_CP_31_NS,0.0
MAIN_EXE_REF_CS_MATCH_CP_12_NS,0.0
EEPROM_CP_2ND_ATTMPT_NS,0.0
BOTH_BC_BOTH_RT_STS_NS,0.0
OBT_DRIFT_EST_NS,0.0
OBT_DRIFT_USED_NS,0.0
GND_CMDS_Q_FLAG_NS,0.0
ONB_CMDS_Q_FLAG_NS,0.0
ENCYPTION_CLR_OCRD_STS_NS,0.0
REM_VIEW_ADDR_MS_NIB_NS,0.0
REM_VIEW_ADDR_LSB_NS,0.0
REM_VIEW_ADDR_NS,0.0
REM_UPDT_ADDR_NS,0.0
REM_UPDT_CHKSUM_NS,0.0
NO_OF_1553_MSG_OVRFLW_NS,0.0
SRAM_WRITE_STS_NS,0.0
SRAM_WRITE_PROTECT_STS_NS,0.0
SEF_EEPROM_CNTR_NS,0.0
DEF_EEPROM_CNTR_NS,0.0
SEF_RAM_CNTR_NS,0.0
DEF_RAM_CNTR_NS,0.0
BLK_CHKSUM_EEPROM_WD4_NS,0.0
BLK_CHKSUM_EEPROM_WD5_NS,0.0
BLK_CHKSUM_EEPROM_WD6_NS,0.0
TRAP_ERR_CNT_NS,0.0
TRAP_LOC_ADDR_NS,0.0
TC_FPGA_1553_FAIL_FLAG_OS,0.0
OBC-2_SNSR_POS_15V_VOL_AFT_RLY,5.329605109215609e-15
OBC-2_CAL_VOL_POS_2.5V,0.0
OBC-2_CAL_VOL_NEG_2.5V,0.0
OBC-2_VTH_VOL,8.882675003301771e-16
MEP_EXE,0.0
MEP_EXE_INDEX,0.0
MEP_MACRO_NO,0.0
MEP_DATA_SET_NO,0.0
NEXT_MEP_ENTRY_TIME,0.0
P/L_WDT_STS,0.0
P/L_WDT,0.0
MEP_USER_ID,0.0
MEP_AOS_SESS_STS,0.0
MEP_SESS_ID,0.0
MEP_TOTAL_ENTRIES,0.0
TIME_FOR_LAST_MEP_ENTRY,0.0
PL_DATA_SET_UPDT_STS,0.0
MIL_1553_RMT_MON_UPD,0.0
BDH_RT_FAIL_STS,0.0
1553_MINOR_CYCLE_OVRFLW_SET-1,0.0
1553_MINOR_CYCLE_OVRFLW_SET-2,0.0
1553_MINOR_CYCLE_OVRFLW_SET-3,0.0
1553_MINOR_CYCLE_OVRFLW_SET-4,0.0
ES-1_RT_FAIL_STS,0.0
NS_OBC_RT_FAIL_STS,0.0
RT_PATCH_UPLD_CMD_STS,0.0
DTG-1_RT_FAIL_STS,0.0
DTG-2_RT_FAIL_STS,0.0
DTG-3_RT_FAIL_STS,0.0
PWR-1_RT_FAIL_STS,0.0
PWR-2_RT_FAIL_STS,0.0
PLC_RT_FAIL_STS,0.0
SS_HEAD-1_RT_FAIL_STS,0.0
SS_HEAD-2_RT_FAIL_STS,0.0
SSR-1_RT_FAIL_STS,0.0
SSR-2_RT_FAIL_STS,0.0
SPS-1_RT_FAIL_STS,0.0
SPS-2_RT_FAIL_STS,0.0
WDE-1_RT_FAIL_STS,0.0
WDE-2_RT_FAIL_STS,0.0
WDE-3_RT_FAIL_STS,0.0
WDE-4_RT_FAIL_STS,0.0
OCM_RT_FAIL_STS,0.0
TSU_RT_FAIL_STS,0.0
HSU_RT_FAIL_STS,0.0
SMES-1_RT_FAIL_STS,0.0
SMES-2_RT_FAIL_STS,0.0
SSR-1_MSG_ID_I,0.0
SSR-1_ROLING_PAGE_INDEX_NUM,0.0
SSR-1_ADC_CH_ID,0.0
SSR-1_ADC_CH-0_DATA,0.0
SSR-1_ADC_CH-1_DATA,0.0
SSR-1_ADC_CH-2_DATA,0.0
SSR-1_ADC_CH-3_DATA,0.0
SSR-1_TM_MODE_PAGE_RAW,0.0
SSR-1_FREE_SB_AVBL_MEM1,0.0
SSR-1_FREE_SB_AVBL_MEM0,0.0
SSR-1_POL0_ON_STATUS,0.0
SSR-1_POL1_ON_STATUS,0.0
SSR-1_POL0_PW_GD,0.0
SSR-1_POL1_PW_GD,0.0
SSR-1_SDRAM_EDAC_OCC,0.0
SSR-1_POL0_OVP_OCC,0.0
SSR-1_POL1_OVP_OCC,0.0
SSR-1_WDT_OCCR_CNTR,0.0
SSR-1_SB_SEARCH_PNDG_MEM0,0.0
SSR-1_SB_SEARCH_PNDG_MEM1,0.0
SSR-1_PART0_BANK0_SET_FEAT_PRG,0.0
SSR-1_PART0_BANK1_SET_FEAT_PRG,0.0
SSR-1_PART1_BANK0_SET_FEAT_PRG,0.0
SSR-1_PART1_BANK1_SET_FEAT_PRG,0.0
SSR-1_PART0_BANK0_FLSH_RST_PRG,0.0
SSR-1_PART0_BANK1_FLSH_RST_PRG,0.0
SSR-1_PART1_BANK0_FLSH_RST_PRG,0.0
SSR-1_PART1_BANK1_FLSH_RST_PRG,0.0
SSR-1_PART0_PB_FID,0.0
SSR-1_PART0_VALID_PB_SIZE,0.0
SSR-1_PART0_PB_DF_IND,0.0
SSR-1_PART0_ACC_PB_SIZE,0.0
SSR-1_REDT_POS_3.3V,0.0082848942693895
SSR-1_REDT_POS_5V,0.008298384246240784
SSR-1_PART-0_FILE-000_SIZE,0.0
SSR-1_PART-1_FILE-000_SIZE,0.0
SSR-1_WORD-00,0.0
SSR-1_WORD-01,0.0
SSR-1_WORD-02,0.0
SSR-1_WORD-03,0.0
SSR-1_WORD-04,0.0
SSR-1_WORD-05,0.0
SSR-1_WORD-06,0.0
SSR-1_WORD-07,0.0
SSR-1_WORD-08,0.0
SSR-1_WORD-09,0.0
SSR-1_WORD-10,0.0
SSR-1_WORD-11,0.0
SSR-1_WORD-12,0.0
SSR-1_WORD-13,0.0
SSR-1_WORD-14,0.0
SSR-1_WORD-15,0.0
SSR-1_WORD-16,0.0
SSR-1_WORD-17,0.0
SSR-2_MSG_ID_I,0.0
SSR-2_ROLING_PAGE_INDEX_NUM,0.0
SSR-2_ADC_CH_ID,0.0
SSR-2_ADC_CH-0_DATA,0.0
SSR-2_ADC_CH-1_DATA,0.0
SSR-2_ADC_CH-2_DATA,0.0
SSR-2_ADC_CH-3_DATA,0.0
SSR-2_TM_MODE_PAGE_RAW,0.0
SSR-2_PART-0_FILE-000_ATTR,0.0
SSR-2_PART-1_FILE-000_ATTR,0.0
SSR-2_FREE_SB_AVBL_MEM1,0.0
SSR-2_FREE_SB_AVBL_MEM0,0.0
SSR-2_POL0_ON_STATUS,0.0
SSR-2_POL1_ON_STATUS,0.0
SSR-2_POL0_PW_GD,0.0
SSR-2_POL1_PW_GD,0.0
SSR-2_SDRAM_EDAC_OCC,0.0
SSR-2_POL0_OVP_OCC,0.0
SSR-2_POL1_OVP_OCC,0.0
SSR-2_WDT_OCCR_CNTR,0.0
SSR-2_PART0_BANK0_SET_FEAT_PRG,0.0
SSR-2_PART0_BANK1_SET_FEAT_PRG,0.0
SSR-2_PART1_BANK0_SET_FEAT_PRG,0.0
SSR-2_PART1_BANK1_SET_FEAT_PRG,0.0
SSR-2_PART0_BANK0_FLSH_RST_PRG,0.0
SSR-2_PART0_BANK1_FLSH_RST_PRG,0.0
SSR-2_PART1_BANK0_FLSH_RST_PRG,0.0
SSR-2_PART1_BANK1_FLSH_RST_PRG,0.0
SSR-2_PART0_PB_FID,0.0
SSR-2_PART0_VALID_PB_SIZE,0.0
SSR-2_PART0_PB_DF_IND,0.0
SSR-2_PART0_ACC_PB_SIZE,0.0
SSR-2_REDT_POS_3.3V,0.008298384246240784
SSR-2_PART-0_FILE-000_SIZE,0.0
SSR-2_PART-1_FILE-000_SIZE,0.0
SSR-2_WORD-00,0.0
SSR-2_WORD-01,0.0
SSR-2_WORD-02,0.0
SSR-2_WORD-03,0.0
SSR-2_WORD-04,0.0
SSR-2_WORD-05,0.0
SSR-2_WORD-06,0.0
SSR-2_WORD-07,0.0
SSR-2_WORD-08,0.0
SSR-2_WORD-09,0.0
SSR-2_WORD-10,0.0
SSR-2_WORD-11,0.0
SSR-2_WORD-12,0.0
SSR-2_WORD-13,0.0
SSR-2_WORD-14,0.0
SSR-2_WORD-15,0.0
SSR-2_WORD-16,0.0
SSR-2_WORD-17,0.0
SSR-1_WORD-00_PG-00,0.0
SSR-1_WORD-01_PG-00,0.0
SSR-1_WORD-02_PG-00,0.0
SSR-1_WORD-03_PG-00,0.0
SSR-1_WORD-04_PG-00,0.0
SSR-1_WORD-05_PG-00,0.0
SSR-1_WORD-06_PG-00,0.0
SSR-1_WORD-07_PG-00,0.0
SSR-1_WORD-08_PG-00,0.0
SSR-1_WORD-09_PG-00,0.0
SSR-2_WORD-00_PG-00,0.0
SSR-2_WORD-01_PG-00,0.0
SSR-2_WORD-02_PG-00,0.0
SSR-2_WORD-03_PG-00,0.0
SSR-2_WORD-04_PG-00,0.0
SSR-2_WORD-05_PG-00,0.0
SSR-2_WORD-06_PG-00,0.0
SSR-2_WORD-07_PG-00,0.0
SSR-2_WORD-08_PG-00,0.0
SSR-2_WORD-09_PG-00,0.0
SSR-1_WORD-10_SSTM_PG-00,0.0
SSR-1_WORD-11_SSTM_PG-00,0.0
SSR-1_WORD-12_SSTM_PG-00,0.0
SSR-1_WORD-13_SSTM_PG-00,0.0
SSR-1_WORD-14_SSTM_PG-00,0.0
SSR-1_WORD-15_SSTM_PG-00,0.0
SSR-1_WORD-16_SSTM_PG-00,0.0
SSR-1_WORD-17_SSTM_PG-00,0.0
SSR-2_WORD-10_SSTM_PG-00,0.0
SSR-2_WORD-11_SSTM_PG-00,0.0
SSR-2_WORD-12_SSTM_PG-00,0.0
SSR-2_WORD-13_SSTM_PG-00,0.0
SSR-2_WORD-14_SSTM_PG-00,0.0
SSR-2_WORD-15_SSTM_PG-00,0.0
SSR-2_WORD-16_SSTM_PG-00,0.0
SSR-2_WORD-17_SSTM_PG-00,0.0
FDIR_RESULT_BUS-1_REDT,0.0
FDIR_RESULT_BUS-1_MAIN,0.0
FDIR_RESULT_BUS-2_REDT,0.0
FDIR_RESULT_BUS-2_MAIN,0.0
FDIR_RESULT_BUS-3_REDT,0.0
FDIR_RESULT_BUS-3_MAIN,0.0
FDIR_RESULT_BUS-4_REDT,0.0
FDIR_RESULT_BUS-4_MAIN,0.0
FDIR_RESULT_BUS-5_REDT,0.0
FDIR_RESULT_BUS-5_MAIN,0.0
DTM1_MSB_TO_DTM16_LSB,0.0
DTM17_MSB_TO_DTM32_LSB,0.0
DTM33_MSB_TO_DTM48_LSB,0.0
DTM49_MSB_TO_DTM64_LSB,0.0
DTM65_MSB_TO_DTM80_LSB,0.0
PLC_HEART_BIT_CNTR,0.0
PLC_INVALID_CMD_CNTR,0.0
PLC_VALID_CMD_CNTR,0.0
PLC_PROG_CHKSUM,0.0
PLC_SPS_SYNC_STS,0.0
PLC_SPS_SYNC_TIME_MSB,0.0
PLC_SPS_SYNC_TIME_LSB,0.0
S/C_POS-X_SPS_GOODS_BP,0.0
S/C_POS-Y_SPS_GOODS_BP,0.0
S/C_POS-Z_SPS_GOODS_BP,0.0
S/C_VEL-X_SPS_GOODS_BP,0.0
S/C_VEL-Y_SPS_GOODS_BP,0.0
S/C_VEL-Z_SPS_GOODS_BP,0.0
AOR_STEP,0.0
EST_SV_CNTR,0.0
GOODS_UPDT_TO_BP_CNTR,0.0
SPS_POS_DIFF_SQ_LIM,0.0
LAST_BP_VECTOR_PASS_NO,0.0
LAST_BP_VECTOR_FAIL_NO,0.0
ORB_PARA_UPDT_FLAG,0.0
ODP_SV_CNTR,0.0
EST_SV_CNTR_NS,0.0
GOODS_UPDT_TO_BP_CNTR_NS,0.0
DOM_REG-1_CUR_SEL_RT,0.006538245819692067
DOM_REG-2_CUR_SEL_RT,0.0054889969004999
BAT_DIS_CUR_HR_SEL_RT,0.0026811326913129363
BUS_LOAD_CUR_HR_SEL_RT,0.0004894563412743941
BAT_VOL_TCR_SEL_RT,0.00925349195805927
SAGS_CUR_HR_SEL_RT,0.0007979915950148979
SAGS_CUR_LR_SEL_RT,0.003191966380060227
BAT_VOL_FINE_SEL_RT,7.106138433645574e-15
SOLAR_CELL_ISC_SEL_RT,1.1103345992221545e-16
SOLAR_CELL_VOC_SEL_RT,4.441338396888618e-16
CAL_POS_VOL_SEL_RT,0.007708662733594725
CAL_NEG_VOL_SEL_RT,0.0
C_ERROR_SEL_RT,0.0
N_ERROR_SEL_RT,0.0
BAT_VOL_TCR_NSEL_RT,0.009911890090187536
SAGS_CUR_HR_NSEL_RT,1.42122845944344e-14
BAT_DIS_CUR_HR_NSEL_RT,0.0
BUS_LOAD_CUR_HR_NSEL_RT,0.0
TTC_TX_STS_TC,0.0
TTC_I/F-1_LVDM_TM-1_SEL,0.0
TTC_I/F-1_LVDM_TM-2_SEL,0.0
TTC_RX-2_I/F_CARD_ON_OFF_STS,0.0
TTC_I/F-2_LVDM_TM-1_SEL,0.0
TTC_I/F-2_LVDM_TM-2_SEL,0.0
TTC_RX-2_LO_LOCK_STS,8.882676614405866e-16
RW-1_RBUS_MON,0.0
RW-1_CUR,0.0
RW-1_EST_FRIC,0.0
WDE-1_15V_MON,5.55167378212414e-17
RW-1_CMDD_TCS,0.0
RW-1_DC-DC_TEMP,0.0
RW-1_BRDGE_SUPPLY_MON,0.0
RW-1_CUR_CNTRL_O/P,0.0
WDE-1_3.3V_MON,6.939588036245673e-18
WDE-1_TEMP,0.0
WDE-1_CASING_TEMP,0.0
WDE-1_BEARING_TEMP,0.0
WDE-1_HEALTH_WORD,0.0
WDE-1_STS_WORD,0.0
RW-1_SPD_TM,0.0
RW-2_RBUS_MON,0.0
RW-2_CUR,0.0
RW-2_EST_FRIC,0.0
WDE-2_15V_MON,0.0
RW-2_CMDD_TCS,0.0
RW-2_DC-DC_TEMP,0.0
RW-2_BRDGE_SUPPLY_MON,0.0
RW-2_CUR_CNTRL_O/P,0.0
WDE-2_3.3V_MON,0.0
WDE-2_TEMP,0.0
WDE-2_CASING_TEMP,0.0
WDE-2_BEARING_TEMP,0.0
WDE-2_HEALTH_WORD,0.0
WDE-2_STS_WORD,0.0
RW-2_SPD_TM,0.0
RW-3_RBUS_MON,0.0
RW-3_CUR,0.0
RW-3_EST_FRIC,0.0
WDE-3_15V_MON,0.0
RW-3_CMDD_TCS,0.0
RW-3_DC-DC_TEMP,0.0
RW-3_BRDGE_SUPPLY_MON,0.0
RW-3_CUR_CNTRL_O/P,0.0
WDE-3_3.3V_MON,0.0
WDE-3_TEMP,0.0
WDE-3_CASING_TEMP,0.0
WDE-3_BEARING_TEMP,0.0
WDE-3_HEALTH_WORD,0.0
WDE-3_STS_WORD,0.0
RW-3_SPD_TM,0.0
RW-4_RBUS_MON,0.0
RW-4_CUR,0.0
RW-4_EST_FRIC,0.0
WDE-4_15V_MON,0.0
RW-4_CMDD_TCS,0.0
RW-4_DC-DC_TEMP,0.0
RW-4_BRDGE_SUPPLY_MON,0.0
RW-4_CUR_CNTRL_O/P,0.0
WDE-4_3.3V_MON,0.0
WDE-4_TEMP,0.0
WDE-4_CASING_TEMP,0.0
WDE-4_BEARING_TEMP,0.0
WDE-4_HEALTH_WORD,0.0
WDE-4_STS_WORD,0.0
RW-4_SPD_TM,0.0
SCE-M_HOE_TM_WORD,0.0
FPGA_REINIT_PENDING_FLAG,0.0
MAP_OFF_PENDING_FLAG,0.0
FESA_COUPLER_TEMP,0.0
SCE-R_POS_12V_VOL,0.0
SCE-R_POS_3P3V_VOL,1.3879181649811423e-17
SCE-R_POS_1P5V_VOL,0.004506228709138506
SCE-R_HOE_TM_WORD,0.0
SCAT_TWTA-R_BUS_CUR_DIRECT,0.006393481635552135
WDT_TIMEOUT_CNTR,0.0
SCAT_PL_CMD_CNTR,0.0
PL_TX_MGC,0.0
SCAT_PL_TWTA_GRID_STEP,0.0
SCAT_PL_RX_MGC,0.0
SCAT_PL_PROM_CHKSUM,0.0
PRI_CNT,0.0
DCG_TX_PULSES_GEN_SCAN_CYCLE,0.0
ECHO_INNER_WINDOW_START_DELAY,0.0
ECHO_OUTER_WINDOW_START_DELAY,0.0
SSM_ANG_REQ_START_DELAY,0.0
AUX_DATA_TX_START_DELAY,0.0
INNER_BEAM_CONS_FDC,0.0
OUTER_BEAM_CONS_FDC,0.0
SC_VEL_PL,0.0
PLC_FPGA_FREE_RUN_CNTR,0.0
PLC_CPU_FREE_RUN_CNTR,0.0
ANGLE_DATA,0.0
SCAT_LAST_TC,0.0
PL_SOFTWARE_VER_NO,0.0
SCT_ANGLE_OFFSET_SA5,0.0
SCAT_DSS_SELF_EBC_CNTR_TWICE,0.0
SCAT_DSS_SELF_EBC_CNTR_CONTI,0.0
EBC_TM_CHANNEL_NO,0.0
EBC_TM_DATA_CNT,0.0
SCAT_LAST_TC_16_BIT,0.0
RT_EBC_CHANNEL_NO,0.0
RT_EBC_DATA_CNT,0.0
TWTA-M_EPC_INT_TEMP,1.4212278291936374e-14
TWTA-M_INT_TEMP,1.4212278291936374e-14
CPS_TEMP,1.4212278862593986e-14
FESA_BPF_TEMP,1.4212278862593986e-14
TWTA-M_BUS_CUR_TLM-B,5.551671430700776e-17
TWTA-M_HELIX_CUR_TLM-B,0.0
FESA_RX_PROT_SW-3_TEMP,1.421227943370929e-14
FESA_RX_PROT_SW-1_TEMP,0.0
FESA_VH_SW_TEMP,0.0
FESA-M_TX_PWR_MON_A,0.0
FESA-M_RX_PROT_SW-5_TEMP,1.4212281436225146e-14
FESA_LNA-WG_TEMP,1.4212281436225146e-14
TWTA-R_INT_TEMP,0.0
TWTA-R_EPC_INT_TEMP,0.0
FESA_RJ_WG_V_TEMP,0.0
FESA_RJ_WG_H_TEMP,0.0
FESA_DET_LOC_MAIN_TEMP,0.0
FESA_TX_SEL_TEMP,0.0
FESA-R_TX_PWR_MON_B,0.0
FESA_RX_SEL_TEMP,0.0
TWTA-R_HELIX_CUR_TLM-B,3.469795412452856e-18
TWTA-R_BUS_CUR_TLM-B,1.3879181649811423e-17
FESA-M_RX_PROT_SW-4_TEMP,1.4212282296170515e-14
SCAT_PLC_SA-2_WORD-01,0.0
SCAT_PLC_SA-2_WORD-02,0.0
SCAT_PLC_SA-2_WORD-03,0.0
SCAT_PLC_SA-2_WORD-04,0.0
SCAT_PLC_SA-2_WORD-05,0.0
SCAT_PLC_SA-2_WORD-06,0.0
SCAT_PLC_SA-2_WORD-07,0.0
SCAT_PLC_SA-2_WORD-08,0.0
SCAT_PLC_SA-2_WORD-09,0.0
SCAT_PLC_SA-2_WORD-10,0.0
SCAT_PLC_SA-2_WORD-11,0.0
SCAT_PLC_SA-2_WORD-12,0.0
SCAT_PLC_SA-2_WORD-13,0.0
SCAT_PLC_SA-2_WORD-14,0.0
SCAT_PLC_SA-2_WORD-15,0.0
SCAT_PLC_SA-2_WORD-16,0.0
SCAT_PLC_SA-2_WORD-17,0.0
SCAT_PLC_SA-2_WORD-18,0.0
SCAT_PLC_SA-2_WORD-19,0.0
SCAT_PLC_SA-2_WORD-20,0.0
SCAT_PLC_SA-2_WORD-21,0.0
SCAT_PLC_SA-2_WORD-22,0.0
SCAT_PLC_SA-2_WORD-23,0.0
SCAT_PLC_SA-2_WORD-24,0.0
SCAT_PLC_SA-2_WORD-25,0.0
SCAT_PLC_SA-2_WORD-26,0.0
SCAT_PLC_SA-2_WORD-27,0.0
SCAT_PLC_SA-2_WORD-28,0.0
SCAT_PLC_SA-2_WORD-29,0.0
SCAT_PLC_SA-2_WORD-30,0.0
SCAT_PLC_SA-2_WORD-31,0.0
SCAT_PLC_SA-2_WORD-32,0.0
SCAT_PLC_SA-2_WORD-33,0.0
SCAT_PLC_SA-2_WORD-34,0.0
SCAT_PLC_SA-2_WORD-35,0.0
SCAT_PLC_SA-2_WORD-36,0.0
SCAT_PLC_SA-2_WORD-37,0.0
SCAT_PLC_SA-2_WORD-38,0.0
SCAT_PLC_SA-2_WORD-39,0.0
SCAT_PLC_SA-2_WORD-40,0.0
SCAT_PLC_SA-2_WORD-41,0.0
SCAT_PLC_SA-2_WORD-42,0.0
SCAT_PLC_SA-2_WORD-43,0.0
SCAT_PLC_SA-2_WORD-44,0.0
SCAT_PLC_SA-2_WORD-45,0.0
SCAT_PLC_SA-2_WORD-46,0.0
SCAT_PLC_SA-3_WORD-01,0.0
SCAT_PLC_SA-3_WORD-02,0.0
SCAT_PLC_SA-3_WORD-03,0.0
SCAT_PLC_SA-3_WORD-04,0.0
SCAT_PLC_SA-3_WORD-05,0.0
SCAT_PLC_SA-3_WORD-06,0.0
SCAT_PLC_SA-3_WORD-07,0.0
SCAT_PLC_SA-3_WORD-08,0.0
SCAT_PLC_SA-3_WORD-09,0.0
SCAT_PLC_SA-3_WORD-10,0.0
SCAT_PLC_SA-3_WORD-11,0.0
SCAT_PLC_SA-3_WORD-12,0.0
SCAT_PLC_SA-3_WORD-13,0.0
SCAT_PLC_SA-3_WORD-14,0.0
SCAT_PLC_SA-3_WORD-15,0.0
SCAT_PLC_SA-3_WORD-16,0.0
SCAT_PLC_SA-3_WORD-17,0.0
SCAT_PLC_SA-3_WORD-18,0.0
SCAT_PLC_SA-3_WORD-19,0.0
SCAT_PLC_SA-3_WORD-20,0.0
SCAT_PLC_SA-3_WORD-21,0.0
SCAT_PLC_SA-3_WORD-22,0.0
SCAT_PLC_SA-3_WORD-23,0.0
SCAT_PLC_SA-3_WORD-24,0.0
SCAT_PLC_SA-3_WORD-25,0.0
SCAT_PLC_SA-3_WORD-26,0.0
SCAT_PLC_SA-3_WORD-27,0.0
SCAT_PLC_SA-3_WORD-28,0.0
SCAT_PLC_SA-3_WORD-29,0.0
SCAT_PLC_SA-3_WORD-30,0.0
SCAT_PLC_SA-3_WORD-31,0.0
SCAT_PLC_SA-3_WORD-32,0.0
SCAT_PLC_SA-3_WORD-33,0.0
SCAT_PLC_SA-3_WORD-34,0.0
SCAT_PLC_SA-3_WORD-35,0.0
SCAT_PLC_SA-3_WORD-36,0.0
SCAT_PLC_SA-3_WORD-37,0.0
SCAT_PLC_SA-3_WORD-38,0.0
SCAT_PLC_SA-3_WORD-39,0.0
SCAT_PLC_SA-3_WORD-40,0.0
SCAT_PLC_SA-3_WORD-41,0.0
SCAT_PLC_SA-3_WORD-42,0.0
SCAT_PLC_SA-3_WORD-43,0.0
SCAT_PLC_SA-3_WORD-44,0.0
SCAT_PLC_SA-3_WORD-45,0.0
SCAT_PLC_SA-3_WORD-46,0.0
SCAT_PLC_SA-3_WORD-47,0.0
SCAT_PLC_SA-3_WORD-48,0.0
SCAT_PLC_SA-3_WORD-49,0.0
SCAT_PLC_SA-3_WORD-50,0.0
SCAT_PLC_SA-3_WORD-51,0.0
SCAT_PLC_SA-3_WORD-52,0.0
SCAT_PLC_SA-3_WORD-53,0.0
SCAT_PLC_SA-3_WORD-54,0.0
SCAT_PLC_SA-3_WORD-55,0.0
SCAT_PLC_SA-3_WORD-56,0.0
SCAT_PLC_SA-3_WORD-57,0.0
SCAT_PLC_SA-3_WORD-58,0.0
SCAT_PLC_SA-3_WORD-59,0.0
SCAT_PLC_SA-3_WORD-60,0.0
SCAT_PLC_SA-3_WORD-61,0.0
SCAT_PLC_SA-3_WORD-62,0.0
SCAT_PLC_SA-3_WORD-63,0.0
SCAT_PLC_SA-3_WORD-64,0.0
P-1_SADA_M_SIN_CUR,0.0
P-1_SADA_M_COS_CUR,0.0
P-1_SADA_IF_DATA,0.0
P-1_SADA_IF_RATE,0.0
P-1_SADA_REF_THETA,0.0
P-1_SADA_ACTUAL_THETA,0.0
P-1_SADA_DIFF_THETA,0.0
P-1_SADA_R_SIN_CUR,0.0
P-1_SADA_R_COS_CUR,0.0
P-2_SADA_M_SIN_CUR,0.0
P-2_SADA_M_COS_CUR,0.0
P-2_SADA_IF_DATA,0.0
P-2_SADA_IF_RATE,0.0
P-2_SADA_REF_THETA,0.0
P-2_SADA_ACTUAL_THETA,0.0
P-2_SADA_DIFF_THETA,0.0
P-2_SPSS_R_SUM_O/P,0.007913154601450449
P-2_SADA_R_SIN_CUR,0.0
GPS_TOW_NSEC,0.0
GPS_TOW_SEC,0.0
GPS_TOW_WEEK_NO,0.0
NO_OF_GPS_SAT_TRK,0.0
PDOP,0.0
SPS_POS-X,0.0
SPS_POS-Y,0.0
SPS_POS-Z,0.0
SPS_VEL-X,0.0
SPS_VEL-Y,0.0
SPS_VEL-Z,0.0
SPS_MEM_CNT,0.0
SPS_UPDT_CNTR,0.0
SPS_CMD_CNTR,0.0
SPS_LAST_CMD_EXE,0.0
SPS_S/W_WDT_RST_CNTR,0.0
SPS_H/W_WDT_RST_CNTR,0.0
SPS_S/W_RST_ID,0.0
RX_DRIFT,0.0
INTER_SYS_BIAS,0.0
RFFC-5071_UPCONVRT_CNTR,0.0
S/C_ID_BY_OBC,0.0
SPS_CMD_EXE_CNTR-2,0.0
INTER_SYS_DRIFT,0.0
SPS_ODP_POS-X,0.0
SPS_ODP_POS-Y,0.0
SPS_ODP_POS-Z,0.0
SPS_ODP_VEL-X,0.0
SPS_ODP_VEL-Y,0.0
SPS_ODP_VEL-Z,0.0
SPS_CLOCK_BIAS,0.0
SPS_THD_CONST,0.0
SPS_LAST_RST_TIME,0.0
GPS_TOW_NSEC_PVT,0.0
GPS_TOW_SEC_PVT,0.0
GPS_TOW_WEEK_NO_PVT,0.0
PPS_TOW_NSEC,0.0
PPS_TOW_SEC,0.0
PPS_TOW_WEEK_NO,0.0
ODP_CNTR,0.0
ODP_FILTER_INIT_FLAG,0.0
ODP_FILTER_INIT_REASON,0.0
TC_INTERRUPT_CNTR,0.0
CHNL-01_CNDR,0.0
CHNL-02_CNDR,0.0
CHNL-03_CNDR,0.0
CHNL-04_CNDR,0.0
CHNL-05_CNDR,0.0
CHNL-06_CNDR,0.0
CHNL-07_CNDR,0.0
CHNL-08_CNDR,0.0
CHNL-09_CNDR,0.0
CHNL-10_CNDR,0.0
CHNL-11_CNDR,0.0
CHNL-12_CNDR,0.0
CHNL-01_SV_ID,0.0
CHNL-02_SV_ID,0.0
CHNL-03_SV_ID,0.0
CHNL-04_SV_ID,0.0
CHNL-05_SV_ID,0.0
CHNL-06_SV_ID,0.0
CHNL-07_SV_ID,0.0
CHNL-08_SV_ID,0.0
CHNL-09_SV_ID,0.0
CHNL-10_SV_ID,0.0
CHNL-11_SV_ID,0.0
CHNL-12_SV_ID,0.0
CHNL-01_ACQ_MOD_SV_ID,0.0
CHNL-01_IODE,0.0
CHNL-02_IODE,0.0
CHNL-03_IODE,0.0
CHNL-04_IODE,0.0
CHNL-05_IODE,0.0
CHNL-06_IODE,0.0
CHNL-07_IODE,0.0
CHNL-08_IODE,0.0
CHNL-09_IODE,0.0
CHNL-10_IODE,0.0
CHNL-11_IODE,0.0
CHNL-12_IODE,0.0
CHNL-01_ACP,0.0
CHNL-02_ACP,0.0
CHNL-03_ACP,0.0
CHNL-04_ACP,0.0
CHNL-05_ACP,0.0
CHNL-06_ACP,0.0
CHNL-07_ACP,0.0
CHNL-08_ACP,0.0
CHNL-09_ACP,0.0
CHNL-10_ACP,0.0
CHNL-11_ACP,0.0
CHNL-12_ACP,0.0
CHNL-01_IONO_CORREC,0.0
CHNL-02_IONO_CORREC,0.0
CHNL-03_IONO_CORREC,0.0
CHNL-04_IONO_CORREC,0.0
CHNL-05_IONO_CORREC,0.0
CHNL-06_IONO_CORREC,0.0
CHNL-07_IONO_CORREC,0.0
CHNL-08_IONO_CORREC,0.0
CHNL-09_IONO_CORREC,0.0
CHNL-10_IONO_CORREC,0.0
CHNL-11_IONO_CORREC,0.0
CHNL-12_IONO_CORREC,0.0
CHNL-11_PRC_IONO_CORREC,0.0
NAVIC_DECRYPT_SET_CNT,0.0
NAVIC_NO_OF_DECRYPT_BLK,0.0
NAVIC_DECRYPT_AUTH_ERR_CNT,0.0
NAVIC_PKT_CNT,0.0
NAVIC_INT_PAC_CNT,0.0
NAVIC_DEC_CHK_SUM,0.0
NAVIC_CAL_CHK_SUM,0.0
NAVIC_CURR_SES_ID,0.0
NAVIC_CHK_SUM_ERR_CNT,0.0
NAVIC_TC_CHKSUM_ERR_CNT,0.0
NAVIC_SES_ERR_CNT,0.0
NAVIC_NAVIC_EXEC_CNT,0.0
NAVIC_DECRYPT_CHK_SUM_ERR_CNT,0.0
NAVIC_PKT_LEN_ERR_CNT,0.0
NAVIC_FR_CNT,0.0
NAVIC_NO_OF_FRM,0.0
NAVIC_SA-29_WORD-1,0.0
NAVIC_SA-29_WORD-2,0.0
NAVIC_SA-29_WORD-3,0.0
NAVIC_SA-29_WORD-4,0.0
NAVIC_SA-29_WORD-5,0.0
NAVIC_SA-29_WORD-6,0.0
NAVIC_SA-29_WORD-7,0.0
NAVIC_SA-29_WORD-8,0.0
NAVIC_SA-29_WORD-9,0.0
NAVIC_SA-29_WORD-10,0.0
NAVIC_SA-29_WORD-11,0.0
NAVIC_SA-29_WORD-12,0.0
NAVIC_SA-29_WORD-13,0.0
NAVIC_SA-29_WORD-14,0.0
NAVIC_SA-29_WORD-15,0.0
NAVIC_NO_OF_FRM_ERR_CNT,0.0
NAVIC_CMD_CNTR,0.0
ODP_PHC_CMPT,0.0
ODP_PPP_ESTM,0.0
ODP_KF_ESTM,0.0
ODP_FILTER_INIT,0.0
ODP_FILTER_RSN,0.0
ODP_NUMSAT_ESTM,0.0
ODP_NUMSAT_INP,0.0
ODP_EKF_LEVEL,0.0
ODP_RUN_MODE,0.0
ODP_ANT_PHC_ENABLE,0.0
ODP_MAN_CORR,0.0
ODP_IONO_ENABLE,0.0
ODP_TCEOP_ENABLE,0.0
ODP_DP_DRIFTCORR,0.0
ODP_DP_PHC_CONST,0.0
ODP_DP_CODECARR_ENABLE,0.0
ODP_DP_KF_SMOOTH,0.0
ODP_DP_CYCLESLIPS_DETECT,0.0
ODP_CODEALONE_ENABLE,0.0
ODP_ESTM_FLAG,0.0
ODP_TC_COUNT,0.0
ODP_LASTTC_ID,0.0
ODP_DP_MODE,0.0
ODP_FILTER_INITCNT,0.0
SS_APU_POS_3.3V,0.0
SS_APU_POS_1.5V,0.0
SS_SEL_CHU-1_CUR,0.0
SS_SEL_CHU-2_CUR,0.0
SS_APU_TEMP,5.684910519292455e-14
SS_APU_CUR,0.0
SS_APU_COOLER_CUR,0.0
SS_APU_POS_3.3V_FPGA,0.0
SS_APU_MEAS_POS_1.8V,0.0
SS_SEL_CHU-1_TEMP,7.106139003389516e-15
SS_SEL_CHU-2_TEMP,7.106139003389516e-15
SS_SEL_CHU-1_DETECTOR_TEMP,0.0
SS_SEL_CHU-2_DETECTOR_TEMP,0.0
SS_SEL_CHU-1_VOL,2.2206681715986153e-16
SS_SEL_CHU-2_VOL,2.2206681715986153e-16
SS_APU_SA-1_WORD-1,0.0
SS_APU_SA-1_WORD-2,0.0
SS_APU_SA-1_WORD-3,0.0
SS_APU_SA-1_WORD-4,0.0
SS_APU_SA-1_WORD-5,0.0
SS_APU_SA-1_WORD-6,0.0
SS_APU_SA-1_WORD-7,0.0
SS_APU_SA-1_WORD-8,0.0
SS_APU_SA-1_WORD-9,0.0
SS_APU_SA-1_WORD-10,0.0
SS_APU_SA-1_WORD-11,0.0
SS_APU_SA-1_WORD-12,0.0
SS_APU_SA-1_WORD-13,0.0
SS_APU_SA-1_WORD-14,0.0
SS_APU_SA-1_WORD-15,0.0
SS_APU_SA-1_WORD-16,0.0
SS_APU_SA-8_WORD-1,0.0
SS_APU_SA-8_WORD-2,0.0
SS_APU_SA-8_WORD-3,0.0
SS_APU_SA-8_WORD-4,0.0
SS_APU_SA-8_WORD-5,0.0
SS_APU_SA-8_WORD-6,0.0
SS_APU_SA-8_WORD-7,0.0
SS_APU_SA-8_WORD-8,0.0
SS_APU_SA-8_WORD-9,0.0
SS_APU_SA-8_WORD-10,0.0
SS_APU_SA-8_WORD-11,0.0
SS_APU_SA-8_WORD-12,0.0
SS_APU_SA-8_WORD-13,0.0
SS_APU_SA-8_WORD-14,0.0
SS_APU_WDT_BARK_CNT,0.0
SS_APU_FILTER_SET_VALUE,0.0
SS_APU_SA-1_REFT_CNT,0.0
SS_APU_SA-1_REFT_DLY,0.0
SS_APU_SINGLE_ERR_CNT,0.0
SS_APU_DOUBLE_ERR_CNT,0.0
SS_APU_S/W_TIMER,0.0
SS_APU_CHKSUM_SBM,0.0
SS_APU_EXE_TIME,0.0
SS_APU_MEAS_INTG_TIME,0.0
SS_APU_SA-2_WORD-2,0.0
SS_APU_SA-2_WORD-3,0.0
SS_APU_SA-2_WORD-4,0.0
SS_APU_SA-2_WORD-5,0.0
SS_APU_SA-3_WORD-8,0.0
SS_APU_SA-14_WORD-2,0.0
SS_APU_SA-14_WORD-3,0.0
SS_APU_SA-14_WORD-4,0.0
SS_APU_SA-14_WORD-5,0.0
SS_APU_SA-15_WORD-8,0.0
SS_APU_CHU-1_ERR,0.0
SS_APU_CHU-2_ERR,0.0
SS_APU_CHU-3_ERR,0.0
SS_APU_CHU-4_ERR,0.0
SS_APU_LINK-1_ERR,0.0
SS_APU_LINK-2_ERR,0.0
SS_APU_LINK-1_STS,0.0
SS_APU_LINK-2_STS,0.0
SS_APU_CHU_CMD_PATTERN,0.0
SS_APU_CHU_DEF_PATTERN,0.0
SS_APU_CHU_CUR_PATTERN,0.0
SS_APU_NUM_CMDD_CHU,0.0
SS_APU_SA-12_INFO,0.0
SS_APU_SA-12_TM_ID,0.0
SS_APU_SA-12_REFT_CNT,0.0
SS_APU_SA-12_REFT_DLY,0.0
SS_APU_SA-13_REFT_CNT,0.0
SS_APU_SA-13_REFT_DLY,0.0
SS_APU_SA-13_INFO,0.0
SS_APU_SPEC_TC,0.0
SS_APU_SYNT_DEF_PA,0.0
SS_APU_FUSION_STS,0.0
SS_APU_ACQ_INTG_TIME,0.0
SS_APU_TRK_CNTR,0.0
SS_APU_JULIAN_DATE,0.0
SS_APU_NR_TC,0.0
SS_APU_CAL_CHKSUM_FLAG,0.0
SS_APU_ACQ_CNTR,0.0
SS_APU_CHU-1_PC_CNT,0.0
SS_APU_CHU-2_PC_CNT,0.0
SS_APU_CHU-1_BAD_PIXEL_CNT,0.0
SS_APU_CHU-2_BAD_PIXEL_CNT,0.0
SS_APU_FILTER_GRP_SEL,0.0
SS_APU_QI_NORM,0.0
SS_APU_QI_Z,0.0
SS_APU_QIB-1,0.0
SS_APU_QIB-2,0.0
SS_APU_QIB-3,0.0
SS_APU_QIB-4,0.0
SS_APU_RATE_WX,0.0
SS_APU_RATE_WY,0.0
SS_APU_RATE_WZ,0.0
SEL_HEAD-1_RX_WORDS,0.0
SEL_HEAD-1_DIR_SEARCH_CNT,0.0
SEL_HEAD-1_NO_OF_STARS_FOV,0.0
SEL_HEAD-1_BRIGHT_OBJ_CNT,0.0
SEL_HEAD-1_POS_COH_OUT_STARS,0.0
SEL_HEAD-1_MAG_COH_OUT_STARS,0.0
SEL_HEAD-1_EXP_WORD_STS,0.0
SEL_HEAD-1_INVALID_FRAME_CNT,0.0
SEL_HEAD-1_TRK_WIN_ABS_CNT,0.0
SEL_HEAD-1_SYNT_DEF_TRA,0.0
SEL_HEAD-1_Q-1,0.0
SEL_HEAD-1_Q-2,0.0
SEL_HEAD-1_Q-3,0.0
SEL_HEAD-1_NO_AD_STAR_ACQ,0.0
SEL_HEAD-1_INVALD_STAR_CNT,0.0
SEL_HEAD-1_NO_STAR_USED_AD,0.0
SEL_HEAD-1_NO_ID_STAR,0.0
SEL_HEAD-1_NO_VALD_STAR,0.0
SEL_HEAD-1_STAR-1_HITS_NO,0.0
SEL_HEAD-1_STAR-1_THD,0.0
SEL_HEAD-1_STAR-1_OBC_NO_ACQ,0.0
SEL_HEAD-1_STAR-1_OBC_NO_TRK,0.0
SEL_HEAD-1_STAR-1_MAG,0.0
SEL_HEAD-1_STAR-1_X,0.0
SEL_HEAD-1_STAR-1_Y,0.0
SEL_HEAD-1_TOT_BIN_INDX,0.0
SEL_HEAD-1_STAR-2_HITS_NO,0.0
SEL_HEAD-1_STAR-2_THD,0.0
SEL_HEAD-1_STAR-2_OBC_NO_ACQ,0.0
SEL_HEAD-1_STAR-2_OBC_NO_TRK,0.0
SEL_HEAD-1_STAR-2_MAG,0.0
SEL_HEAD-1_STAR-2_X,0.0
SEL_HEAD-1_STAR-2_Y,0.0
SEL_HEAD-1_VALID_BIN_INDX,0.0
SEL_HEAD-1_STAR-3_HITS_NO,0.0
SEL_HEAD-1_STAR-3_THD,0.0
SEL_HEAD-1_STAR-3_OBC_NO_ACQ,0.0
SEL_HEAD-1_STAR-3_OBC_NO_TRK,0.0
SEL_HEAD-1_STAR-3_MAG,0.0
SEL_HEAD-1_STAR-3_X,0.0
SEL_HEAD-1_STAR-3_Y,0.0
SEL_HEAD-1_TOTAL_CLUSTERS,0.0
SEL_HEAD-1_STAR-4_HITS_NO,0.0
SEL_HEAD-1_STAR-4_THD,0.0
SEL_HEAD-1_STAR-4_OBC_NO_ACQ,0.0
SEL_HEAD-1_STAR-4_OBC_NO_TRK,0.0
SEL_HEAD-1_STAR-4_MAG,0.0
SEL_HEAD-1_STAR-4_X,0.0
SEL_HEAD-1_STAR-4_Y,0.0
SEL_HEAD-1_STAR-5_HITS_NO,0.0
SEL_HEAD-1_STAR-5_THD,0.0
SEL_HEAD-1_STAR-5_OBC_NO_ACQ,0.0
SEL_HEAD-1_STAR-5_OBC_NO_TRK,0.0
SEL_HEAD-1_STAR-5_MAG,0.0
SEL_HEAD-1_STAR-5_X,0.0
SEL_HEAD-1_STAR-5_Y,0.0
SEL_HEAD-1_VALID_CLUSTERS,0.0
SEL_HEAD-2_RX_WORDS,0.0
SEL_HEAD-2_DIR_SEARCH_CNT,0.0
SEL_HEAD-2_NO_OF_STARS_FOV,0.0
SEL_HEAD-2_BRIGHT_OBJ_CNT,0.0
SEL_HEAD-2_POS_COH_OUT_STARS,0.0
SEL_HEAD-2_MAG_COH_OUT_STARS,0.0
SEL_HEAD-2_LINK_ASSIGND,0.0
SEL_HEAD-2_EXP_WORD_STS,0.0
SEL_HEAD-2_INVALID_FRAME_CNT,0.0
SEL_HEAD-2_TRK_WIN_ABS_CNT,0.0
SEL_HEAD-2_SYNT_DEF_TRA,0.0
SEL_HEAD-2_Q-1,0.0
SEL_HEAD-2_Q-2,0.0
SEL_HEAD-2_Q-3,0.0
SEL_HEAD-2_INVALD_STAR_CNT,0.0
SEL_HEAD-2_NO_STAR_USED_AD,0.0
SEL_HEAD-2_NO_ID_STAR,0.0
SEL_HEAD-2_NO_VALD_STAR,0.0
SEL_HEAD-2_STAR-1_HITS_NO,0.0
SEL_HEAD-2_STAR-1_THD,0.0
SEL_HEAD-2_STAR-1_OBC_NO_ACQ,0.0
SEL_HEAD-2_STAR-1_OBC_NO_TRK,0.0
SEL_HEAD-2_STAR-1_MAG,0.0
SEL_HEAD-2_STAR-1_X,0.0
SEL_HEAD-2_STAR-1_Y,0.0
SEL_HEAD-2_STAR-2_HITS_NO,0.0
SEL_HEAD-2_STAR-2_THD,0.0
SEL_HEAD-2_STAR-2_OBC_NO_ACQ,0.0
SEL_HEAD-2_STAR-2_OBC_NO_TRK,0.0
SEL_HEAD-2_STAR-2_MAG,0.0
SEL_HEAD-2_STAR-2_X,0.0
SEL_HEAD-2_STAR-2_Y,0.0
SEL_HEAD-2_STAR-3_HITS_NO,0.0
SEL_HEAD-2_STAR-3_THD,0.0
SEL_HEAD-2_STAR-3_OBC_NO_ACQ,0.0
SEL_HEAD-2_STAR-3_OBC_NO_TRK,0.0
SEL_HEAD-2_STAR-3_MAG,0.0
SEL_HEAD-2_STAR-3_X,0.0
SEL_HEAD-2_STAR-3_Y,0.0
SEL_HEAD-2_STAR-4_HITS_NO,0.0
SEL_HEAD-2_STAR-4_THD,0.0
SEL_HEAD-2_STAR-4_OBC_NO_ACQ,0.0
SEL_HEAD-2_STAR-4_OBC_NO_TRK,0.0
SEL_HEAD-2_STAR-4_MAG,0.0
SEL_HEAD-2_STAR-4_X,0.0
SEL_HEAD-2_STAR-4_Y,0.0
SEL_HEAD-2_STAR-5_HITS_NO,0.0
SEL_HEAD-2_STAR-5_THD,0.0
SEL_HEAD-2_STAR-5_OBC_NO_ACQ,0.0
SEL_HEAD-2_STAR-5_OBC_NO_TRK,0.0
SEL_HEAD-2_STAR-5_MAG,0.0
SEL_HEAD-2_STAR-5_X,0.0
SEL_HEAD-2_STAR-5_Y,0.0
ATC_TBL_TM_SEL,0.0
GCRX_10_LO_deck_M_TS024_TMP,0.0
SPS1_BASE_M_TS026_TMP,0.0
SPS1_LNA_M_TS030_TMP,0.0
SS2_M_TS055_TMP,0.0
CONICAL_ES-M_TS058_TMP,0.0
SAFE_ES-1_M_TS060_TMP,0.0
RW1_CASING_TS064_TMP,0.0
RW3_CASING_TS066_TMP,0.0
DCPE_4_TS068_TMP,0.0
PPS_PLC_DCPE_3_TS070_TMP,0.0
PPS_6_MON_TS226_TMP,0.0
CCD_HP_1_MON_THR03_TS228_TMP,0.0
PPL_NY_PP_NR_OCM_TS166_TMP,0.0
SSTM_DIFF_PLT_TS168_TMP,0.0
PPL_CYL_NEG_P_TS170_TMP,0.0
Disp_mHP_at_Sink4_TS185_TMP,0.0
DCPE_1_TS186_TMP,0.0
SSTM_DIF_PLT_TS187_TMP,0.0
SSTM_COMP_MOUNT-1_M_TS169_TMP,0.0
PPL_NP_NR_SSTM_RAD_TS211_TMP,0.0
PPL_pY_pP_TS213_TMP,0.0
COMP_mHP_at_Mount4_TS215_TMP,0.0
COMP_mHP_at_Mount6_TS217_TMP,0.0
DISP_mHP_at_Sink1_TS219_TMP,0.0
PLC_M_TS175_TMP,0.0
PPS_PLC_DCPE_1_TS176_TMP,0.0
PPS_CDE_FECE_1_TS177_TMP,0.0
SCAT_RX2_M_TS147_TMP,0.0
PPS_7_TS183_TMP,0.0
OCM_ABRK_BRG_POS_P_TS190_TMP,0.0
OCM_L_BRG_POS_Y_TS192_TMP,0.0
OCM_MOTOR_POS_Y_TS194_TMP,0.0
PPL_NR_OCM_HD_TS196_TMP,0.0
BAT1_INT_1_TS040_TMP,0.0
BAT1_INT_3_TS042_TMP,0.0
PPS_CDE_FECE_3_TS224_TMP,0.0
OCM_TILT_MECH_ELX_TS200_TMP,0.0
OCM_STR_HTR_TS225_TMP,0.0
SSTM_FECE_RAD_TS236_TMP,0.0
SSTM_FECE_TS202_TMP,0.0
CDE_M_1_TS207_TMP,0.0
SSTM_TRUSS_BASE-1_TS204_TMP,0.0
SSTM_SM_CONTG_TS205_TMP,0.0
CDE_M_2_TS209_TMP,0.0
SSTM_ELX_M_TS222_TMP,0.0
CCD_HP_3_MON_TH_TS230_TMP,0.0
SCAT_HDRM_BRK1_TS123_TMP,0.0
SCAT_HDRM_BRK2_TS124_TMP,0.0
SCAT_SSM_RJ_M_TS126_TMP,0.0
SCAT_SSM_BRG-1M_TS128_TMP,0.0
SCAT_SSM_BRG_2M_TS130_TMP,0.0
SCAT_SSM_MOTOR_M_TS132_TMP,0.0
SCAT_SSM_IF_M_TS134_TMP,0.0
SCAT_FESA_TS136_TMP,0.0
SCAT_LNA_M_TS137_TMP,0.0
SCAT_SCE_M_TS139_TMP,0.0
CCD_HP_5_MON_THR1_TS232_TMP,0.0
FECE_8_MON_TH_TS234_TMP,0.0
BAT1_INT_2_TS041_TMP,0.0
SCAT_RX1_M_TS145_TMP,0.0
ES1_SCAN_MEC_TS062_TMP,0.0
SCAT_FG10M_TS149_TMP,0.0
SCAT_FG20_M_TS151_TMP,0.0
SCAT_DSS10_M_TS153_TMP,0.0
SCAT_SCE_M_TS155_TMP,0.0
COMP_mHP_at_Mount2_TS189_TMP,0.0
SCAT_TWTA_M_TS159_TMP,0.0
SCAT_EPC10_TS160_TMP,0.0
SCAT_TWTA_M_TS141_TMP,0.0
SCAT_SEP2_CONTG_HTR_TS143_TMP,0.0
SP_P_Pitch_PYRO_TS198_TMP,0.0
BDH_BASE_M_TS001_TMP,0.0
DISP_mHP_at_Sink3_TS237_TMP,0.0
COMP_mHP-3_at_DIFFU_TS239_TMP,0.0
COMP_mHP-4_at_DIFFU_TS240_TMP,0.0
DISP_mHP-2_at_DIFFU_TS246_TMP,0.0
DISP_mHP-3_at_DIFFU_TS247_TMP,0.0
MATHS_FILTER-M_TS249_TMP,0.0
MATHS_MDE-M_TS257_TMP,0.0
MATHS_BEARING-1-M_TS251_TMP,0.0
MATHS_TSU-EPC-M_TS259_TMP,0.0
MATHS_BEARING-2-M_TS253_TMP,0.0
MATHS_TSU-BE-M_TS261_TMP,0.0
GCRX_10_RF_DECK_M_TS264_TMP,0.0
MATHS_TSU-FE-M_TS266_TMP,0.0
MATHS_HSU-FE-M_TS268_TMP,0.0
DISPLACER_SINK-M_TS275_TMP,0.0
COMP_MOUNT-M_TS277_TMP,0.0
MATHS_HSU-FG-M_TS255_TMP,0.0
COMP_MOUNT4_TS279_TMP,0.0
DISPLACER_SINK-1_TS280_TMP,0.0
COMPRESSOR_BODY_TS281_TMP,0.0
SAFE_ES-2_M_TS282_TMP,0.0
SSTM_DISP_MOUNT-1_TS273_TMP,0.0
SAFE_ES-1_Det_plate_TS284_TMP,0.0
SSTM_ELX_Int_TS206_TMP,0.0
MATHS_Motor-M_TS270_TMP,0.0
MATHS_PLC-FPGA_TS290_TMP,0.0
OCM_HDRM_PYRO_TS288_TMP,0.0
BDH_DCDC_BASE_R_TS008_TMP,0.0
SSR_CARD2_TS010_TMP,0.0
XPF_Plate-2_XPC_5_6_TS016_TMP,0.0
XPA_SSPA_R_TS018_TMP,0.0
XPF_PLATE-2_XPC_7_8_TS020_TMP,0.0
SPS_DCDC_BASE_TS032_TMP,0.0
SPS2_BASE_R_TS027_TMP,0.0
SPS1_BASE_R_TS029_TMP,0.0
SPS2_LNA_R_TS031_TMP,0.0
SS1_R_TS054_TMP,0.0
SS2_R_TS056_TMP,0.0
CONICAL_ES-R_TS059_TMP,0.0
SAFE_ES-1_R_TS061_TMP,0.0
RW2_CASING_TS065_TMP,0.0
RW4_CASING_TS067_TMP,0.0
PPS_CDE_FECE4_TS069_TMP,0.0
PPS_PLC_DCPE_4_TS071_TMP,0.0
PPS_7_MON_TS227_TMP,0.0
CCD_HP_2_MON_TH_TS229_TMP,0.0
FCV_R6_TS098_TMP,0.0
11N_FCV_D4_TS104_TMP,0.0
DP02_PNL_TS121_TMP,0.0
PPL_NP_NR_SSTM_RAD_TS167_TMP,0.0
PPL_CYL_POS_P_TS171_TMP,0.0
SSTM_DIF_PLT_TS188_TMP,0.0
SSTM_TRUSS_BASE-2_TS157_TMP,0.0
DISP_mHP_at_Sink2_TS220_TMP,0.0
PPL_NR_PLC_TS212_TMP,0.0
COMP_mHP_at_Mount3_TS214_TMP,0.0
COMP_mHP_at_Mount5_TS216_TMP,0.0
SSTM_CM-1_NR_COMP_TS218_TMP,0.0
PLC_R_TS178_TMP,0.0
PPS_CDE_FECE_2_TS180_TMP,0.0
DCPE_3_TS181_TMP,0.0
PPS_6_TS182_TMP,0.0
PPS_PLC_DCPE_2_TS179_TMP,0.0
DCPE_2_TS184_TMP,0.0
OCM_ABRK_BRG_NEG_P_TS191_TMP,0.0
OCM_L_BRG_NEG_Y_TS193_TMP,0.0
PPS_7_TS195_TMP,0.0
OCM_HD_BRKT_TS197_TMP,0.0
BAT2_INT_1_TS043_TMP,0.0
BAT2_INT_3_TS045_TMP,0.0
SP_N_Pitch_PYRO_TS199_TMP,0.0
DISPLACER_BODY_TS203_TMP,0.0
CDE_R_1_TS208_TMP,0.0
SSTM_ELX_Int_TS287_TMP,0.0
SSTM_SM_BRG_TR_TS221_TMP,0.0
CDE_R_2_TS210_TMP,0.0
SSTM_ELX_R_TS223_TMP,0.0
CCD_HP_4_MON__TS231_TMP,0.0
SCAT_HDRM_BRK3_TS125_TMP,0.0
SCAT_SSM_RJ_R_TS127_TMP,0.0
SCAT_SSM_BRG-1R_TS129_TMP,0.0
SCAT_SSM_BRG_2R_TS131_TMP,0.0
SCAT_SSM_MOTOR_R_TS133_TMP,0.0
SCAT_SSM_IF_R_TS135_TMP,0.0
SCAT_LNA_R_TS138_TMP,0.0
SCAT_SCE_R_TS140_TMP,0.0
FECE_3_MON_T_TS233_TMP,0.0
FECE_13_MON_THR2_TS235_TMP,0.0
SCAT_RX1_R_TS146_TMP,0.0
SCAT_RX2_R_TS148_TMP,0.0
SCAT_FG10R_TS150_TMP,0.0
SCAT_FG20_R_TS152_TMP,0.0
SCAT_DSS10_R_TS154_TMP,0.0
SCAT_SCE_R_TS156_TMP,0.0
SSTM_TRUSS_BASE-3_TS158_TMP,0.0
SCAT_TWTA_R_TS161_TMP,0.0
SCAT_EPC20_TS162_TMP,0.0
BAT2_INT_2_TS044_TMP,0.0
PPS_6_TS201_TMP,0.0
SSR_BASE_R_TS004_TMP,0.0
SCAT_TWTA_R_TS142_TMP,0.0
SCAT_SEP4_CONTG_HTR_TS144_TMP,0.0
DISP_mHP-1_at_DIFFU_TS243_TMP,0.0
BDH_BASE_R_TS002_TMP,0.0
COMP_mHP-2_at_DIFFU_TS238_TMP,0.0
COMP_mHP-5_at_DIFFU_TS241_TMP,0.0
COMP_mHP-6_at_DIFFU_TS242_TMP,0.0
DISP_mHP-4_at_DIFFU_TS248_TMP,0.0
MATHS_HSU-FG-R_TS256_TMP,0.0
MATHS_FILTER-R_TS250_TMP,0.0
MATHS_MDE-R_TS258_TMP,0.0
MATHS_BEARING-1-R_TS252_TMP,0.0
MATHS_TSU-EPC-R_TS260_TMP,0.0
MATHS_BEARING-2-R_TS254_TMP,0.0
COMP_MOUNT-R_TS278_TMP,0.0
MATHS_HSU-FE-R_TS269_TMP,0.0
SAFE_ES-2_R_TS283_TMP,0.0
SSTM_DISP_MOUNT-1_TS274_TMP,0.0
SAFE_ES-2_Det_plate_TS286_TMP,0.0
SCAT_HDRM_PYRO_TS289_TMP,0.0
MATHS_Motor-R_TS271_TMP,0.0
SSTM_COMP_MOUNT-1_TS272_TMP,0.0
SN97_98_TS292_TMP,0.0
SAFE_ES-2_BP_TS285_TMP,0.0
DISPLACER_SINK-R_TS276_TMP,0.0
MATHS_PLC-FPGA_TS291_TMP,0.0
DP01_MLI_PRT05_TMP,2.8424562299613745e-14
SSTM_M_RAD_PRT10_TMP,2.8424562299613745e-14
4PI_SN52_PRT08_TMP,0.0
SOLAR_Panel-11_PRT01_TMP,0.0
SOLAR_Panel-21_PRT03_TMP,2.8424555443471815e-14
EP_03_MLI_PRT06_TMP,2.842456001056567e-14
SCAT_MLI_PRT07_TMP,0.0
4PI_SN52_PRT09_TMP,2.842456001056567e-14
SOLAR_Panel-12_PRT02_TMP,0.0
SOLAR_Panel-22_PRT04_TMP,2.842456746343757e-14
RCS_THR_R5_TC005_TMP,1.1103341970106178e-16
SCAT_SEP02_TWTA_M_OBC_H1_UTP,0.0
SSTM_Radiator_2_M_OBC_H2_UTP,0.0
MATHS_TSU-FE-M_OBC_H3_UTP,0.0
PLCHTR-M_OBC_H4_UTP,0.0
1N_FCV_R3R4_M_OBC_H6_UTP,0.0
PL_Ln_11NCYLin_M_OBC_H7_UTP,0.0
SCAT_SEP03_RX_M_OBC_H8_UTP,0.0
BDH_BASE_M_OBC_H9_UTP,0.0
SSTM_DISP_MOUNT1M_OBC_H10_UTP,0.0
ES_SN-21HTR_M_OBC_H11_UTP,0.0
RW-10_CASING_OBC_H12_UTP,0.0
1N_Thr_bed_R5R6_M_OBC_H13_UTP,0.0
EP-03_PANEL_CONTG_OBC_H14_UTP,0.0
SSTM_FECE_OBC_H15_UTP,0.0
PPS-PLC-DCPE-1_OBC_H17_UTP,0.0
SCAT_SEP-04_DSS_M_OBC_H18_UTP,0.0
MATHS_HSU-FE-M_OBC_H19_UTP,0.0
EP-02_BAT-10_M_OBC_H20_UTP,0.0
1N_FCV_R1R2_M_OBC_H22_UTP,0.0
MATHS_Motor-M_OBC_H23_UTP,0.0
RCS_Tank-1_M_OBC_H24_UTP,0.0
EP-03_SPS-250_M_OBC_H25_UTP,0.0
PL_Ln_DP01_EP02_M_OBC_H26_UTP,0.0
1N_Thr_bed_R1R2_M_OBC_H27_UTP,1.1369927542612473e-13
SCAT_SEP03_FG_M_OBC_H28_UTP,0.0
SSTM_COMP_MOUNT1M_OBC_H29_UTP,0.0
EP-03_SN-32_M_OBC_H30_UTP,0.0
SSTM_SM_ELX_M_OBC_H31_UTP,0.0
DCPE-4_OBC_H33_UTP,0.0
PPL-2_NR_SSTM_RAD_OBC_H34_UTP,0.0
MATHS_BEARING-1-M_OBC_H35_UTP,0.0
MATHS_TSU-EPC-M_OBC_H36_UTP,0.0
SSTM_DISP_M_OBC_H39_UTP,0.0
EP-01_XPC_SINK_OBC_H41_UTP,0.0
EP-04_OBC-10/20_M_OBC_H49_UTP,0.0
PPL-1_NEAR_OCM_OBC_H50_UTP,0.0
PPS-CDE-FECE-1_OBC_H52_UTP,0.0
1N_FCV_R5R6_M_OBC_H53_UTP,0.0
11N_FCV_D1D3_M_OBC_H54_UTP,0.0
EP-03_CPE-10_M_OBC_H55_UTP,0.0
SCAT_SSM_BRG_M_OBC_H57_UTP,0.0
SCAT_SEP03_FG_M_OBC_H58_UTP,0.0
1N_Thr_bed_R3R4_M_OBC_H59_UTP,0.0
SCAT_SCE_M_OBC_H60_UTP,0.0
PL_Ln_DP01_EP03_M_OBC_H62_UTP,0.0
PL_Ln_sh_PNL-1_M_OBC_H63_UTP,0.0
EP-03_SN-31_M_OBC_H65_UTP,0.0
SSTM_RAD_1_M_OBC_H66_UTP,0.0
SCAT_SEP02_CONTG_OBC_H67_UTP,0.0
CDE-2_M_OBC_H68_UTP,0.0
EP-01_SN-52_M_OBC_H69_UTP,3.553169359387099e-15
11N_Thr_bed_D1D3_M_OBC_H71_UTP,0.0
DCPE-3_OBC_H72_UTP,0.0
EP01_SMS_SN_202_M_OBC_H73_UTP,0.0
IRU_BASE_M_OBC_H74_UTP,0.0
SSTM_TRUSS_BASE-1_OBC_H75_UTP,0.0
RW-30_CASING_OBC_H76_UTP,0.0
LV_Filter_M_OBC_H77_UTP,0.0
1N_FCV_R7R8_M_OBC_H78_UTP,0.0
EP-04_BE-10_OBC_H79_UTP,0.0
PPS-PLC-DCPE-HTR3_OBC_H81_UTP,0.0
MATHS_HSU-FG-M_OBC_H83_UTP,0.0
MATHS_MDE-M_OBC_H84_UTP,0.0
SSTM_COMP_M_OBC_H87_UTP,0.0
EP02_WDE_10_40_OBC_H97_UTP,0.0
DCPEHTR-1_OBC_H98_UTP,0.0
SSTM_RAD_CONTG_1_OBC_H99_UTP,0.0
PPS-CDE-FECEHTR3_OBC_H100_UTP,0.0
SCAT_RJ_M_OBC_H101_UTP,0.0
11N_FCV_D2D4_M_OBC_H102_UTP,0.0
SCAT_SEP04_RX_M_OBC_H103_UTP,0.0
SMS_SN_201_HTR_M_OBC_H105_UTP,0.0
MATHS_FILTER-M_OBC_H106_UTP,0.0
SCTX_STC_GCRX-20_OBC_H107_UTP,0.0
11NThr_bed_D2D4_M_OBC_H108_UTP,1.1370419846657813e-13
SSR_BASE-M_OBC_H111_UTP,0.0
SCAT_ANT_HLD_DOWN_OBC_H113_UTP,0.0
CDE-1_M_OBC_H114_UTP,0.0
EP-02_BAT-20_M_OBC_H115_UTP,0.0
PPS-7_OBC_H116_UTP,0.0
PL_Ln_DP01_EP01_M_OBC_H117_UTP,0.0
DP02_OCM_TILT_ELX_OBC_H119_UTP,0.0
RCS_Tank-2_M_OBC_H121_UTP,0.0
SCAT_SSM_BASE_M_OBC_H124_UTP,0.0
1N_Thr_bed_R7R8_M_OBC_H126_UTP,1.1370587277201676e-13
EP-03_SPS-260_M_OBC_H127_UTP,0.0
PPS-7-HTR_2_OBC_H129_UTP,0.0
MATHS_BEARING-2-M_OBC_H131_UTP,0.0
MATHS_TSU-BE-M_OBC_H132_UTP,0.0
SSTM_COMP_CONTG_OBC_H135_UTP,0.0
SCAT_SEP02_TWTA_R_OBC_H193_UTP,0.0
SSTM_Radiator_2_R_OBC_H194_UTP,0.0
MATHS_TSU-FE-R_OBC_H195_UTP,0.0
PLCHTR-R_OBC_H196_UTP,0.0
1N_FCV_R3R4_R_OBC_H198_UTP,0.0
PL_Ln_11NCYLin_R_OBC_H199_UTP,0.0
SCAT_SEP03_RX_R_OBC_H200_UTP,0.0
BDH_BASE_R_OBC_H201_UTP,0.0
SSTM_DISP_MOUNT1R_OBC_H202_UTP,0.0
ES_SN-21HTR_R_OBC_H203_UTP,0.0
RW-20_CASING_OBC_H204_UTP,0.0
1N_Thr_bed_R5R6_R_OBC_H205_UTP,1.1371984304608018e-13
SCAT_LNA_FESA_OBC_H206_UTP,0.0
PPS-PLC-DCPEHTR2_OBC_H209_UTP,0.0
SCAT_SEP-04_DSS_R_OBC_H210_UTP,0.0
MATHS_HSU-FE-R_OBC_H211_UTP,0.0
EP-02_BAT-10_R_OBC_H212_UTP,0.0
1N_FCV_R1R2_R_OBC_H214_UTP,0.0
MATHS_Motor-R_OBC_H215_UTP,0.0
RCS_Tank-1_R_OBC_H216_UTP,0.0
EP-03_SPS-250_R_OBC_H217_UTP,0.0
PL_Ln_DP01_EP02_R_OBC_H218_UTP,0.0
1N_Thr_bed_R1R2_R_OBC_H219_UTP,1.1372477759843446e-13
SCAT_SEP03_FG_R_OBC_H220_UTP,0.0
SSTM_COMP_MOUNT1R_OBC_H221_UTP,0.0
EP-03_SN-32_R_OBC_H222_UTP,0.0
SSTM_SM_ELX_R_OBC_H223_UTP,0.0
PPS-CDE-FECE-HTR4_OBC_H225_UTP,0.0
PPL-4_OBC_H226_UTP,0.0
MATHS_BEARING-1-R_OBC_H227_UTP,0.0
MATHS_TSU-EPC-R_OBC_H228_UTP,0.0
SSTM_DISP_R_OBC_H231_UTP,0.0
EP-01_XBS_SINK_OBC_H233_UTP,0.0
EP-04_OBC-10/20_R_OBC_H241_UTP,0.0
PPL-3_NR_SSTM_RAD_OBC_H242_UTP,0.0
PPS-CDE-FECEHTR2_OBC_H244_UTP,0.0
1N_FCV_R5R6_R_OBC_H245_UTP,0.0
11N_FCV_D1D3_R_OBC_H246_UTP,0.0
EP-03_CPE-10_R_OBC_H247_UTP,0.0
SCAT_SSM_BRG_R_OBC_H249_UTP,0.0
SCAT_SEP03_FG_R_OBC_H250_UTP,0.0
1N_Thr_bed_R3R4_R_OBC_H251_UTP,0.0
SCAT_SCE_R_OBC_H252_UTP,0.0
PL_Ln_DP01_EP03_R_OBC_H254_UTP,0.0
PL_Ln_sh_PNL-1_R_OBC_H255_UTP,0.0
EP-03_SN-31_R_OBC_H257_UTP,0.0
SSTM_Radiator_1_R_OBC_H258_UTP,0.0
SCAT_SEP04_CONTG_OBC_H259_UTP,0.0
CDE-2_R_OBC_H260_UTP,0.0
EP-01_SN-52_R_OBC_H261_UTP,3.554863581374753e-15
11NThr_bed_D1D3_R_OBC_H263_UTP,1.1375840640212068e-13
OCM_STR_OBC_H264_UTP,0.0
EP01_SMS_SN_202_R_OBC_H265_UTP,0.0
IRU_BASE_R_OBC_H266_UTP,0.0
SSTM_TRUSS_base-2_OBC_H267_UTP,0.0
RW-40_CASING_OBC_H268_UTP,0.0
LV_Filter_R_OBC_H269_UTP,0.0
1N_FCV_R7R8_R_OBC_H270_UTP,0.0
EP-02_BE-20_OBC_H271_UTP,0.0
PPS-PLC-DCPE-HTR4_OBC_H273_UTP,0.0
MATHS_HSU-FG-R_OBC_H275_UTP,0.0
MATHS_MDE-R_OBC_H276_UTP,0.0
SSTM_COMP_R_OBC_H279_UTP,0.0
EP04_WDE_20_30_OBC_H289_UTP,0.0
PPS-6_OBC_H290_UTP,0.0
SSTM_RAD_CONTG_2_OBC_H291_UTP,0.0
EP-02_BAT_PLATE_OBC_H292_UTP,0.0
SCAT_RJ_R_OBC_H293_UTP,0.0
11N_FCV_D2D4_R_OBC_H294_UTP,0.0
SCAT_SEP04_RX_R_OBC_H295_UTP,0.0
SMS_SN_201HTR_R_OBC_H297_UTP,0.0
MATHS_FILTER-R_OBC_H298_UTP,0.0
SSTM_TRUSS_BASE-3_OBC_H299_UTP,0.0
11NThr_bed_D2D4_R_OBC_H300_UTP,1.1396789337356417e-13
SSR_BASE-R_OBC_H303_UTP,0.0
EP-01XPF_PLATE-1_OBC_H305_UTP,0.0
CDE-1_R_OBC_H306_UTP,0.0
EP-02_BAT-20_R_OBC_H307_UTP,0.0
DCPE-2_OBC_H308_UTP,0.0
PL_Ln_DP01_EP01_R_OBC_H309_UTP,0.0
SCAT_SEP02_TWTA_M_OBC_H1_LTP,0.0
SSTM_Radiator_2_M_OBC_H2_LTP,0.0
MATHS_TSU-FE-M_OBC_H3_LTP,0.0
PLCHTR-M_OBC_H4_LTP,0.0
1N_FCV_R3R4_M_OBC_H6_LTP,0.0
PL_Ln_11NCYLin_M_OBC_H7_LTP,0.0
SCAT_SEP03_RX_M_OBC_H8_LTP,0.0
BDH_BASE_M_OBC_H9_LTP,0.0
SSTM_DISP_MOUNT1M_OBC_H10_LTP,0.0
ES_SN-21HTR_M_OBC_H11_LTP,0.0
RW-10_CASING_OBC_H12_LTP,0.0
1N_Thr_bed_R5R6_M_OBC_H13_LTP,0.0
EP-03_PANEL_CONTG_OBC_H14_LTP,0.0
SSTM_FECE_OBC_H15_LTP,0.0
PPS-PLC-DCPE-1_OBC_H17_LTP,0.0
SCAT_SEP-04_DSS_M_OBC_H18_LTP,0.0
MATHS_HSU-FE-M_OBC_H19_LTP,0.0
EP-02_BAT-10_M_OBC_H20_LTP,0.0
1N_FCV_R1R2_M_OBC_H22_LTP,0.0
MATHS_Motor-M_OBC_H23_LTP,0.0
RCS_Tank-1_M_OBC_H24_LTP,0.0
EP-03_SPS-250_M_OBC_H25_LTP,0.0
PL_Ln_DP01_EP02_M_OBC_H26_LTP,0.0
1N_Thr_bed_R1R2_M_OBC_H27_LTP,7.106204714132796e-15
SCAT_SEP03_FG_M_OBC_H28_LTP,0.0
SSTM_COMP_MOUNT1M_OBC_H29_LTP,0.0
EP-03_SN-32_M_OBC_H30_LTP,0.0
SSTM_SM_ELX_M_OBC_H31_LTP,0.0
DCPE-4_OBC_H33_LTP,0.0
PPL-2_NR_SSTM_RAD_OBC_H34_LTP,0.0
MATHS_BEARING-1-M_OBC_H35_LTP,0.0
MATHS_TSU-EPC-M_OBC_H36_LTP,0.0
SSTM_DISP_M_OBC_H39_LTP,0.0
EP-01_XPC_SINK_OBC_H41_LTP,0.0
EP-04_OBC-10/20_M_OBC_H49_LTP,0.0
PPL-1_NEAR_OCM_OBC_H50_LTP,0.0
PPS-CDE-FECE-1_OBC_H52_LTP,0.0
1N_FCV_R5R6_M_OBC_H53_LTP,0.0
11N_FCV_D1D3_M_OBC_H54_LTP,0.0
EP-03_CPE-10_M_OBC_H55_LTP,0.0
SCAT_SSM_BRG_M_OBC_H57_LTP,0.0
SCAT_SEP03_FG_M_OBC_H58_LTP,0.0
1N_Thr_bed_R3R4_M_OBC_H59_LTP,7.106302787575075e-15
SCAT_SCE_M_OBC_H60_LTP,0.0
PL_Ln_DP01_EP03_M_OBC_H62_LTP,0.0
PL_Ln_sh_PNL-1_M_OBC_H63_LTP,0.0
EP-03_SN-31_M_OBC_H65_LTP,0.0
SSTM_RAD_1_M_OBC_H66_LTP,0.0
SCAT_SEP02_CONTG_OBC_H67_LTP,0.0
CDE-2_M_OBC_H68_LTP,0.0
EP-01_SN-52_M_OBC_H69_LTP,7.106338718774197e-15
11N_Thr_bed_D1D3_M_OBC_H71_LTP,0.0
DCPE-3_OBC_H72_LTP,0.0
EP01_SMS_SN_202_M_OBC_H73_LTP,0.0
IRU_BASE_M_OBC_H74_LTP,0.0
SSTM_TRUSS_BASE-1_OBC_H75_LTP,0.0
RW-30_CASING_OBC_H76_LTP,0.0
LV_Filter_M_OBC_H77_LTP,0.0
1N_FCV_R7R8_M_OBC_H78_LTP,0.0
EP-04_BE-10_OBC_H79_LTP,0.0
PPS-PLC-DCPE-HTR3_OBC_H81_LTP,0.0
MATHS_HSU-FG-M_OBC_H83_LTP,0.0
MATHS_MDE-M_OBC_H84_LTP,0.0
SSTM_COMP_M_OBC_H87_LTP,0.0
EP02_WDE_10_40_OBC_H97_LTP,0.0
DCPEHTR-1_OBC_H98_LTP,0.0
SSTM_RAD_CONTG_1_OBC_H99_LTP,0.0
PPS-CDE-FECEHTR3_OBC_H100_LTP,0.0
SCAT_RJ_M_OBC_H101_LTP,0.0
11N_FCV_D2D4_M_OBC_H102_LTP,0.0
SCAT_SEP04_RX_M_OBC_H103_LTP,0.0
SMS_SN_201_HTR_M_OBC_H105_LTP,0.0
MATHS_FILTER-M_OBC_H106_LTP,0.0
SCTX_STC_GCRX-20_OBC_H107_LTP,0.0
11NThr_bed_D2D4_M_OBC_H108_LTP,0.0
SSR_BASE-M_OBC_H111_LTP,0.0
SCAT_ANT_HLD_DOWN_OBC_H113_LTP,0.0
CDE-1_M_OBC_H114_LTP,0.0
EP-02_BAT-20_M_OBC_H115_LTP,0.0
PPS-7_OBC_H116_LTP,0.0
PL_Ln_DP01_EP01_M_OBC_H117_LTP,0.0
DP02_OCM_TILT_ELX_OBC_H119_LTP,0.0
RCS_Tank-2_M_OBC_H121_LTP,0.0
SCAT_SSM_BASE_M_OBC_H124_LTP,0.0
1N_Thr_bed_R7R8_M_OBC_H126_LTP,7.106617048251047e-15
EP-03_SPS-260_M_OBC_H127_LTP,0.0
PPS-7-HTR_2_OBC_H129_LTP,0.0
MATHS_BEARING-2-M_OBC_H131_LTP,0.0
MATHS_TSU-BE-M_OBC_H132_LTP,0.0
SSTM_COMP_CONTG_OBC_H135_LTP,0.0
SCAT_SEP02_TWTA_R_OBC_H193_LTP,0.0
SSTM_Radiator_2_R_OBC_H194_LTP,0.0
MATHS_TSU-FE-R_OBC_H195_LTP,0.0
PLCHTR-R_OBC_H196_LTP,0.0
1N_FCV_R3R4_R_OBC_H198_LTP,0.0
PL_Ln_11NCYLin_R_OBC_H199_LTP,0.0
SCAT_SEP03_RX_R_OBC_H200_LTP,0.0
BDH_BASE_R_OBC_H201_LTP,0.0
SSTM_DISP_MOUNT1R_OBC_H202_LTP,0.0
ES_SN-21HTR_R_OBC_H203_LTP,0.0
RW-20_CASING_OBC_H204_LTP,0.0
1N_Thr_bed_R5R6_R_OBC_H205_LTP,7.107490190380011e-15
SCAT_LNA_FESA_OBC_H206_LTP,0.0
PPS-PLC-DCPEHTR2_OBC_H209_LTP,0.0
SCAT_SEP-04_DSS_R_OBC_H210_LTP,0.0
MATHS_HSU-FE-R_OBC_H211_LTP,0.0
EP-02_BAT-10_R_OBC_H212_LTP,0.0
1N_FCV_R1R2_R_OBC_H214_LTP,0.0
MATHS_Motor-R_OBC_H215_LTP,0.0
RCS_Tank-1_R_OBC_H216_LTP,0.0
EP-03_SPS-250_R_OBC_H217_LTP,0.0
PL_Ln_DP01_EP02_R_OBC_H218_LTP,0.0
1N_Thr_bed_R1R2_R_OBC_H219_LTP,0.0
SCAT_SEP03_FG_R_OBC_H220_LTP,0.0
SSTM_COMP_MOUNT1R_OBC_H221_LTP,0.0
EP-03_SN-32_R_OBC_H222_LTP,0.0
SSTM_SM_ELX_R_OBC_H223_LTP,0.0
PPS-CDE-FECE-HTR4_OBC_H225_LTP,0.0
PPL-4_OBC_H226_LTP,0.0
MATHS_BEARING-1-R_OBC_H227_LTP,0.0
MATHS_TSU-EPC-R_OBC_H228_LTP,0.0
SSTM_DISP_R_OBC_H231_LTP,0.0
EP-01_XBS_SINK_OBC_H233_LTP,0.0
EP-04_OBC-10/20_R_OBC_H241_LTP,0.0
PPL-3_NR_SSTM_RAD_OBC_H242_LTP,0.0
PPS-CDE-FECEHTR2_OBC_H244_LTP,0.0
1N_FCV_R5R6_R_OBC_H245_LTP,0.0
11N_FCV_D1D3_R_OBC_H246_LTP,0.0
EP-03_CPE-10_R_OBC_H247_LTP,0.0
SCAT_SSM_BRG_R_OBC_H249_LTP,0.0
SCAT_SEP03_FG_R_OBC_H250_LTP,0.0
1N_Thr_bed_R3R4_R_OBC_H251_LTP,7.109029602373648e-15
SCAT_SCE_R_OBC_H252_LTP,0.0
PL_Ln_DP01_EP03_R_OBC_H254_LTP,0.0
PL_Ln_sh_PNL-1_R_OBC_H255_LTP,0.0
EP-03_SN-31_R_OBC_H257_LTP,0.0
SSTM_Radiator_1_R_OBC_H258_LTP,0.0
SCAT_SEP04_CONTG_OBC_H259_LTP,0.0
CDE-2_R_OBC_H260_LTP,0.0
EP-01_SN-52_R_OBC_H261_LTP,0.0
11NThr_bed_D1D3_R_OBC_H263_LTP,7.109900400132543e-15
OCM_STR_OBC_H264_LTP,0.0
EP01_SMS_SN_202_R_OBC_H265_LTP,0.0
IRU_BASE_R_OBC_H266_LTP,0.0
SSTM_TRUSS_base-2_OBC_H267_LTP,0.0
RW-40_CASING_OBC_H268_LTP,0.0
LV_Filter_R_OBC_H269_LTP,0.0
1N_FCV_R7R8_R_OBC_H270_LTP,0.0
EP-02_BE-20_OBC_H271_LTP,0.0
PPS-PLC-DCPE-HTR4_OBC_H273_LTP,0.0
MATHS_HSU-FG-R_OBC_H275_LTP,0.0
MATHS_MDE-R_OBC_H276_LTP,0.0
SSTM_COMP_R_OBC_H279_LTP,0.0
EP04_WDE_20_30_OBC_H289_LTP,0.0
PPS-6_OBC_H290_LTP,0.0
SSTM_RAD_CONTG_2_OBC_H291_LTP,0.0
EP-02_BAT_PLATE_OBC_H292_LTP,0.0
SCAT_RJ_R_OBC_H293_LTP,0.0
11N_FCV_D2D4_R_OBC_H294_LTP,0.0
SCAT_SEP04_RX_R_OBC_H295_LTP,0.0
SMS_SN_201HTR_R_OBC_H297_LTP,0.0
MATHS_FILTER-R_OBC_H298_LTP,0.0
SSTM_TRUSS_BASE-3_OBC_H299_LTP,0.0
11NThr_bed_D2D4_R_OBC_H300_LTP,0.0
SSR_BASE-R_OBC_H303_LTP,0.0
EP-01XPF_PLATE-1_OBC_H305_LTP,0.0
CDE-1_R_OBC_H306_LTP,0.0
EP-02_BAT-20_R_OBC_H307_LTP,0.0
DCPE-2_OBC_H308_LTP,0.0
PL_Ln_DP01_EP01_R_OBC_H309_LTP,0.0
